"Año","Pais","PBI"
1952,"Afganistán",779.4453145
1957,"Afganistán",820.8530296
1962,"Afganistán",853.10071
1967,"Afganistán",836.1971382
1972,"Afganistán",739.9811058
1977,"Afganistán",786.11336
1982,"Afganistán",978.0114388
1987,"Afganistán",852.3959448
1992,"Afganistán",649.3413952
1997,"Afganistán",635.341351
2002,"Afganistán",726.7340548
2007,"Afganistán",974.5803384
1952,"Albania",1601.056136
1957,"Albania",1942.284244
1962,"Albania",2312.888958
1967,"Albania",2760.196931
1972,"Albania",3313.422188
1977,"Albania",3533.00391
1982,"Albania",3630.880722
1987,"Albania",3738.932735
1992,"Albania",2497.437901
1997,"Albania",3193.054604
2002,"Albania",4604.211737
2007,"Albania",5937.029526
1952,"Argelia",2449.008185
1957,"Argelia",3013.976023
1962,"Argelia",2550.81688
1967,"Argelia",3246.991771
1972,"Argelia",4182.663766
1977,"Argelia",4910.416756
1982,"Argelia",5745.160213
1987,"Argelia",5681.358539
1992,"Argelia",5023.216647
1997,"Argelia",4797.295051
2002,"Argelia",5288.040382
2007,"Argelia",6223.367465
1952,"Angola",3520.610273
1957,"Angola",3827.940465
1962,"Angola",4269.276742
1967,"Angola",5522.776375
1972,"Angola",5473.288005
1977,"Angola",3008.647355
1982,"Angola",2756.953672
1987,"Angola",2430.208311
1992,"Angola",2627.845685
1997,"Angola",2277.140884
2002,"Angola",2773.287312
2007,"Angola",4797.231267
1952,"Argentina",5911.315053
1957,"Argentina",6856.856212
1962,"Argentina",7133.166023
1967,"Argentina",8052.953021
1972,"Argentina",9443.038526
1977,"Argentina",10079.02674
1982,"Argentina",8997.897412
1987,"Argentina",9139.671389
1992,"Argentina",9308.41871
1997,"Argentina",10967.28195
2002,"Argentina",8797.640716
2007,"Argentina",12779.37964
1952,"Australia",10039.59564
1957,"Australia",10949.64959
1962,"Australia",12217.22686
1967,"Australia",14526.12465
1972,"Australia",16788.62948
1977,"Australia",18334.19751
1982,"Australia",19477.00928
1987,"Australia",21888.88903
1992,"Australia",23424.76683
1997,"Australia",26997.93657
2002,"Australia",30687.75473
2007,"Australia",34435.36744
1952,"Austria",6137.076492
1957,"Austria",8842.59803
1962,"Austria",10750.72111
1967,"Austria",12834.6024
1972,"Austria",16661.6256
1977,"Austria",19749.4223
1982,"Austria",21597.08362
1987,"Austria",23687.82607
1992,"Austria",27042.01868
1997,"Austria",29095.92066
2002,"Austria",32417.60769
2007,"Austria",36126.4927
1952,"Baréin",9867.084765
1957,"Baréin",11635.79945
1962,"Baréin",12753.27514
1967,"Baréin",14804.6727
1972,"Baréin",18268.65839
1977,"Baréin",19340.10196
1982,"Baréin",19211.14731
1987,"Baréin",18524.02406
1992,"Baréin",19035.57917
1997,"Baréin",20292.01679
2002,"Baréin",23403.55927
2007,"Baréin",29796.04834
1952,"Bangladesh",684.2441716
1957,"Bangladesh",661.6374577
1962,"Bangladesh",686.3415538
1967,"Bangladesh",721.1860862
1972,"Bangladesh",630.2336265
1977,"Bangladesh",659.8772322
1982,"Bangladesh",676.9818656
1987,"Bangladesh",751.9794035
1992,"Bangladesh",837.8101643
1997,"Bangladesh",972.7700352
2002,"Bangladesh",1136.39043
2007,"Bangladesh",1391.253792
1952,"Bélgica",8343.105127
1957,"Bélgica",9714.960623
1962,"Bélgica",10991.20676
1967,"Bélgica",13149.04119
1972,"Bélgica",16672.14356
1977,"Bélgica",19117.97448
1982,"Bélgica",20979.84589
1987,"Bélgica",22525.56308
1992,"Bélgica",25575.57069
1997,"Bélgica",27561.19663
2002,"Bélgica",30485.88375
2007,"Bélgica",33692.60508
1952,"Benin",1062.7522
1957,"Benin",959.6010805
1962,"Benin",949.4990641
1967,"Benin",1035.831411
1972,"Benin",1085.796879
1977,"Benin",1029.161251
1982,"Benin",1277.897616
1987,"Benin",1225.85601
1992,"Benin",1191.207681
1997,"Benin",1232.975292
2002,"Benin",1372.877931
2007,"Benin",1441.284873
1952,"Bolivia",2677.326347
1957,"Bolivia",2127.686326
1962,"Bolivia",2180.972546
1967,"Bolivia",2586.886053
1972,"Bolivia",2980.331339
1977,"Bolivia",3548.097832
1982,"Bolivia",3156.510452
1987,"Bolivia",2753.69149
1992,"Bolivia",2961.699694
1997,"Bolivia",3326.143191
2002,"Bolivia",3413.26269
2007,"Bolivia",3822.137084
1952,"Bosnia y Herzegovina",973.5331948
1957,"Bosnia y Herzegovina",1353.989176
1962,"Bosnia y Herzegovina",1709.683679
1967,"Bosnia y Herzegovina",2172.352423
1972,"Bosnia y Herzegovina",2860.16975
1977,"Bosnia y Herzegovina",3528.481305
1982,"Bosnia y Herzegovina",4126.613157
1987,"Bosnia y Herzegovina",4314.114757
1992,"Bosnia y Herzegovina",2546.781445
1997,"Bosnia y Herzegovina",4766.355904
2002,"Bosnia y Herzegovina",6018.975239
2007,"Bosnia y Herzegovina",7446.298803
1952,"Botswana",851.2411407
1957,"Botswana",918.2325349
1962,"Botswana",983.6539764
1967,"Botswana",1214.709294
1972,"Botswana",2263.611114
1977,"Botswana",3214.857818
1982,"Botswana",4551.14215
1987,"Botswana",6205.88385
1992,"Botswana",7954.111645
1997,"Botswana",8647.142313
2002,"Botswana",11003.60508
2007,"Botswana",12569.85177
1952,"Brasil",2108.944355
1957,"Brasil",2487.365989
1962,"Brasil",3336.585802
1967,"Brasil",3429.864357
1972,"Brasil",4985.711467
1977,"Brasil",6660.118654
1982,"Brasil",7030.835878
1987,"Brasil",7807.095818
1992,"Brasil",6950.283021
1997,"Brasil",7957.980824
2002,"Brasil",8131.212843
2007,"Brasil",9065.800825
1952,"Bulgaria",2444.286648
1957,"Bulgaria",3008.670727
1962,"Bulgaria",4254.337839
1967,"Bulgaria",5577.0028
1972,"Bulgaria",6597.494398
1977,"Bulgaria",7612.240438
1982,"Bulgaria",8224.191647
1987,"Bulgaria",8239.854824
1992,"Bulgaria",6302.623438
1997,"Bulgaria",5970.38876
2002,"Bulgaria",7696.777725
2007,"Bulgaria",10680.79282
1952,"Burkina Faso",543.2552413
1957,"Burkina Faso",617.1834648
1962,"Burkina Faso",722.5120206
1967,"Burkina Faso",794.8265597
1972,"Burkina Faso",854.7359763
1977,"Burkina Faso",743.3870368
1982,"Burkina Faso",807.1985855
1987,"Burkina Faso",912.0631417
1992,"Burkina Faso",931.7527731
1997,"Burkina Faso",946.2949618
2002,"Burkina Faso",1037.645221
2007,"Burkina Faso",1217.032994
1952,"Burundi",339.2964587
1957,"Burundi",379.5646281
1962,"Burundi",355.2032273
1967,"Burundi",412.9775136
1972,"Burundi",464.0995039
1977,"Burundi",556.1032651
1982,"Burundi",559.603231
1987,"Burundi",621.8188189
1992,"Burundi",631.6998778
1997,"Burundi",463.1151478
2002,"Burundi",446.4035126
2007,"Burundi",430.0706916
1952,"Camboya",368.4692856
1957,"Camboya",434.0383364
1962,"Camboya",496.9136476
1967,"Camboya",523.4323142
1972,"Camboya",421.6240257
1977,"Camboya",524.9721832
1982,"Camboya",624.4754784
1987,"Camboya",683.8955732
1992,"Camboya",682.3031755
1997,"Camboya",734.28517
2002,"Camboya",896.2260153
2007,"Camboya",1713.778686
1952,"Camerún",1172.667655
1957,"Camerún",1313.048099
1962,"Camerún",1399.607441
1967,"Camerún",1508.453148
1972,"Camerún",1684.146528
1977,"Camerún",1783.432873
1982,"Camerún",2367.983282
1987,"Camerún",2602.664206
1992,"Camerún",1793.163278
1997,"Camerún",1694.337469
2002,"Camerún",1934.011449
2007,"Camerún",2042.09524
1952,"Canadá",11367.16112
1957,"Canadá",12489.95006
1962,"Canadá",13462.48555
1967,"Canadá",16076.58803
1972,"Canadá",18970.57086
1977,"Canadá",22090.88306
1982,"Canadá",22898.79214
1987,"Canadá",26626.51503
1992,"Canadá",26342.88426
1997,"Canadá",28954.92589
2002,"Canadá",33328.96507
2007,"Canadá",36319.23501
1952,"República Centroafricana",1071.310713
1957,"República Centroafricana",1190.844328
1962,"República Centroafricana",1193.068753
1967,"República Centroafricana",1136.056615
1972,"República Centroafricana",1070.013275
1977,"República Centroafricana",1109.374338
1982,"República Centroafricana",956.7529907
1987,"República Centroafricana",844.8763504
1992,"República Centroafricana",747.9055252
1997,"República Centroafricana",740.5063317
2002,"República Centroafricana",738.6906068
2007,"República Centroafricana",706.016537
1952,"Chad",1178.665927
1957,"Chad",1308.495577
1962,"Chad",1389.817618
1967,"Chad",1196.810565
1972,"Chad",1104.103987
1977,"Chad",1133.98495
1982,"Chad",797.9081006
1987,"Chad",952.386129
1992,"Chad",1058.0643
1997,"Chad",1004.961353
2002,"Chad",1156.18186
2007,"Chad",1704.063724
1952,"Chile",3939.978789
1957,"Chile",4315.622723
1962,"Chile",4519.094331
1967,"Chile",5106.654313
1972,"Chile",5494.024437
1977,"Chile",4756.763836
1982,"Chile",5095.665738
1987,"Chile",5547.063754
1992,"Chile",7596.125964
1997,"Chile",10118.05318
2002,"Chile",10778.78385
2007,"Chile",13171.63885
1952,"China",400.448611
1957,"China",575.9870009
1962,"China",487.6740183
1967,"China",612.7056934
1972,"China",676.9000921
1977,"China",741.2374699
1982,"China",962.4213805
1987,"China",1378.904018
1992,"China",1655.784158
1997,"China",2289.234136
2002,"China",3119.280896
2007,"China",4959.114854
1952,"Colombia",2144.115096
1957,"Colombia",2323.805581
1962,"Colombia",2492.351109
1967,"Colombia",2678.729839
1972,"Colombia",3264.660041
1977,"Colombia",3815.80787
1982,"Colombia",4397.575659
1987,"Colombia",4903.2191
1992,"Colombia",5444.648617
1997,"Colombia",6117.361746
2002,"Colombia",5755.259962
2007,"Colombia",7006.580419
1952,"Comoras",1102.990936
1957,"Comoras",1211.148548
1962,"Comoras",1406.648278
1967,"Comoras",1876.029643
1972,"Comoras",1937.577675
1977,"Comoras",1172.603047
1982,"Comoras",1267.100083
1987,"Comoras",1315.980812
1992,"Comoras",1246.90737
1997,"Comoras",1173.618235
2002,"Comoras",1075.811558
2007,"Comoras",986.1478792
1952,"República Democrática del Congo",780.5423257
1957,"República Democrática del Congo",905.8602303
1962,"República Democrática del Congo",896.3146335
1967,"República Democrática del Congo",861.5932424
1972,"República Democrática del Congo",904.8960685
1977,"República Democrática del Congo",795.757282
1982,"República Democrática del Congo",673.7478181
1987,"República Democrática del Congo",672.774812
1992,"República Democrática del Congo",457.7191807
1997,"República Democrática del Congo",312.188423
2002,"República Democrática del Congo",241.1658765
2007,"República Democrática del Congo",277.5518587
1952,"Congo",2125.621418
1957,"Congo",2315.056572
1962,"Congo",2464.783157
1967,"Congo",2677.939642
1972,"Congo",3213.152683
1977,"Congo",3259.178978
1982,"Congo",4879.507522
1987,"Congo",4201.194937
1992,"Congo",4016.239529
1997,"Congo",3484.164376
2002,"Congo",3484.06197
2007,"Congo",3632.557798
1952,"Costa Rica",2627.009471
1957,"Costa Rica",2990.010802
1962,"Costa Rica",3460.937025
1967,"Costa Rica",4161.727834
1972,"Costa Rica",5118.146939
1977,"Costa Rica",5926.876967
1982,"Costa Rica",5262.734751
1987,"Costa Rica",5629.915318
1992,"Costa Rica",6160.416317
1997,"Costa Rica",6677.045314
2002,"Costa Rica",7723.447195
2007,"Costa Rica",9645.06142
1952,"Costa de Marfil",1388.594732
1957,"Costa de Marfil",1500.895925
1962,"Costa de Marfil",1728.869428
1967,"Costa de Marfil",2052.050473
1972,"Costa de Marfil",2378.201111
1977,"Costa de Marfil",2517.736547
1982,"Costa de Marfil",2602.710169
1987,"Costa de Marfil",2156.956069
1992,"Costa de Marfil",1648.073791
1997,"Costa de Marfil",1786.265407
2002,"Costa de Marfil",1648.800823
2007,"Costa de Marfil",1544.750112
1952,"Croacia",3119.23652
1957,"Croacia",4338.231617
1962,"Croacia",5477.890018
1967,"Croacia",6960.297861
1972,"Croacia",9164.090127
1977,"Croacia",11305.38517
1982,"Croacia",13221.82184
1987,"Croacia",13822.58394
1992,"Croacia",8447.794873
1997,"Croacia",9875.604515
2002,"Croacia",11628.38895
2007,"Croacia",14619.22272
1952,"Cuba",5586.53878
1957,"Cuba",6092.174359
1962,"Cuba",5180.75591
1967,"Cuba",5690.268015
1972,"Cuba",5305.445256
1977,"Cuba",6380.494966
1982,"Cuba",7316.918107
1987,"Cuba",7532.924763
1992,"Cuba",5592.843963
1997,"Cuba",5431.990415
2002,"Cuba",6340.646683
2007,"Cuba",8948.102923
1952,"República Checa",6876.14025
1957,"República Checa",8256.343918
1962,"República Checa",10136.86713
1967,"República Checa",11399.44489
1972,"República Checa",13108.4536
1977,"República Checa",14800.16062
1982,"República Checa",15377.22855
1987,"República Checa",16310.4434
1992,"República Checa",14297.02122
1997,"República Checa",16048.51424
2002,"República Checa",17596.21022
2007,"República Checa",22833.30851
1952,"Dinamarca",9692.385245
1957,"Dinamarca",11099.65935
1962,"Dinamarca",13583.31351
1967,"Dinamarca",15937.21123
1972,"Dinamarca",18866.20721
1977,"Dinamarca",20422.9015
1982,"Dinamarca",21688.04048
1987,"Dinamarca",25116.17581
1992,"Dinamarca",26406.73985
1997,"Dinamarca",29804.34567
2002,"Dinamarca",32166.50006
2007,"Dinamarca",35278.41874
1952,"Yibuti",2669.529475
1957,"Yibuti",2864.969076
1962,"Yibuti",3020.989263
1967,"Yibuti",3020.050513
1972,"Yibuti",3694.212352
1977,"Yibuti",3081.761022
1982,"Yibuti",2879.468067
1987,"Yibuti",2880.102568
1992,"Yibuti",2377.156192
1997,"Yibuti",1895.016984
2002,"Yibuti",1908.260867
2007,"Yibuti",2082.481567
1952,"República Dominicana",1397.717137
1957,"República Dominicana",1544.402995
1962,"República Dominicana",1662.137359
1967,"República Dominicana",1653.723003
1972,"República Dominicana",2189.874499
1977,"República Dominicana",2681.9889
1982,"República Dominicana",2861.092386
1987,"República Dominicana",2899.842175
1992,"República Dominicana",3044.214214
1997,"República Dominicana",3614.101285
2002,"República Dominicana",4563.808154
2007,"República Dominicana",6025.374752
1952,"Ecuador",3522.110717
1957,"Ecuador",3780.546651
1962,"Ecuador",4086.114078
1967,"Ecuador",4579.074215
1972,"Ecuador",5280.99471
1977,"Ecuador",6679.62326
1982,"Ecuador",7213.791267
1987,"Ecuador",6481.776993
1992,"Ecuador",7103.702595
1997,"Ecuador",7429.455877
2002,"Ecuador",5773.044512
2007,"Ecuador",6873.262326
1952,"Egipto",1418.822445
1957,"Egipto",1458.915272
1962,"Egipto",1693.335853
1967,"Egipto",1814.880728
1972,"Egipto",2024.008147
1977,"Egipto",2785.493582
1982,"Egipto",3503.729636
1987,"Egipto",3885.46071
1992,"Egipto",3794.755195
1997,"Egipto",4173.181797
2002,"Egipto",4754.604414
2007,"Egipto",5581.180998
1952,"El Salvador",3048.3029
1957,"El Salvador",3421.523218
1962,"El Salvador",3776.803627
1967,"El Salvador",4358.595393
1972,"El Salvador",4520.246008
1977,"El Salvador",5138.922374
1982,"El Salvador",4098.344175
1987,"El Salvador",4140.442097
1992,"El Salvador",4444.2317
1997,"El Salvador",5154.825496
2002,"El Salvador",5351.568666
2007,"El Salvador",5728.353514
1952,"Guinea Ecuatorial",375.6431231
1957,"Guinea Ecuatorial",426.0964081
1962,"Guinea Ecuatorial",582.8419714
1967,"Guinea Ecuatorial",915.5960025
1972,"Guinea Ecuatorial",672.4122571
1977,"Guinea Ecuatorial",958.5668124
1982,"Guinea Ecuatorial",927.8253427
1987,"Guinea Ecuatorial",966.8968149
1992,"Guinea Ecuatorial",1132.055034
1997,"Guinea Ecuatorial",2814.480755
2002,"Guinea Ecuatorial",7703.4959
2007,"Guinea Ecuatorial",12154.08975
1952,"Eritrea",328.9405571
1957,"Eritrea",344.1618859
1962,"Eritrea",380.9958433
1967,"Eritrea",468.7949699
1972,"Eritrea",514.3242082
1977,"Eritrea",505.7538077
1982,"Eritrea",524.8758493
1987,"Eritrea",521.1341333
1992,"Eritrea",582.8585102
1997,"Eritrea",913.47079
2002,"Eritrea",765.3500015
2007,"Eritrea",641.3695236
1952,"Etiopía",362.1462796
1957,"Etiopía",378.9041632
1962,"Etiopía",419.4564161
1967,"Etiopía",516.1186438
1972,"Etiopía",566.2439442
1977,"Etiopía",556.8083834
1982,"Etiopía",577.8607471
1987,"Etiopía",573.7413142
1992,"Etiopía",421.3534653
1997,"Etiopía",515.8894013
2002,"Etiopía",530.0535319
2007,"Etiopía",690.8055759
1952,"Finlandia",6424.519071
1957,"Finlandia",7545.415386
1962,"Finlandia",9371.842561
1967,"Finlandia",10921.63626
1972,"Finlandia",14358.8759
1977,"Finlandia",15605.42283
1982,"Finlandia",18533.15761
1987,"Finlandia",21141.01223
1992,"Finlandia",20647.16499
1997,"Finlandia",23723.9502
2002,"Finlandia",28204.59057
2007,"Finlandia",33207.0844
1952,"Francia",7029.809327
1957,"Francia",8662.834898
1962,"Francia",10560.48553
1967,"Francia",12999.91766
1972,"Francia",16107.19171
1977,"Francia",18292.63514
1982,"Francia",20293.89746
1987,"Francia",22066.44214
1992,"Francia",24703.79615
1997,"Francia",25889.78487
2002,"Francia",28926.03234
2007,"Francia",30470.0167
1952,"Gabón",4293.476475
1957,"Gabón",4976.198099
1962,"Gabón",6631.459222
1967,"Gabón",8358.761987
1972,"Gabón",11401.94841
1977,"Gabón",21745.57328
1982,"Gabón",15113.36194
1987,"Gabón",11864.40844
1992,"Gabón",13522.15752
1997,"Gabón",14722.84188
2002,"Gabón",12521.71392
2007,"Gabón",13206.48452
1952,"Gambia",485.2306591
1957,"Gambia",520.9267111
1962,"Gambia",599.650276
1967,"Gambia",734.7829124
1972,"Gambia",756.0868363
1977,"Gambia",884.7552507
1982,"Gambia",835.8096108
1987,"Gambia",611.6588611
1992,"Gambia",665.6244126
1997,"Gambia",653.7301704
2002,"Gambia",660.5855997
2007,"Gambia",752.7497265
1952,"Alemania",7144.114393
1957,"Alemania",10187.82665
1962,"Alemania",12902.46291
1967,"Alemania",14745.62561
1972,"Alemania",18016.18027
1977,"Alemania",20512.92123
1982,"Alemania",22031.53274
1987,"Alemania",24639.18566
1992,"Alemania",26505.30317
1997,"Alemania",27788.88416
2002,"Alemania",30035.80198
2007,"Alemania",32170.37442
1952,"Ghana",911.2989371
1957,"Ghana",1043.561537
1962,"Ghana",1190.041118
1967,"Ghana",1125.69716
1972,"Ghana",1178.223708
1977,"Ghana",993.2239571
1982,"Ghana",876.032569
1987,"Ghana",847.0061135
1992,"Ghana",925.060154
1997,"Ghana",1005.245812
2002,"Ghana",1111.984578
2007,"Ghana",1327.60891
1952,"Grecia",3530.690067
1957,"Grecia",4916.299889
1962,"Grecia",6017.190733
1967,"Grecia",8513.097016
1972,"Grecia",12724.82957
1977,"Grecia",14195.52428
1982,"Grecia",15268.42089
1987,"Grecia",16120.52839
1992,"Grecia",17541.49634
1997,"Grecia",18747.69814
2002,"Grecia",22514.2548
2007,"Grecia",27538.41188
1952,"Guatemala",2428.237769
1957,"Guatemala",2617.155967
1962,"Guatemala",2750.364446
1967,"Guatemala",3242.531147
1972,"Guatemala",4031.408271
1977,"Guatemala",4879.992748
1982,"Guatemala",4820.49479
1987,"Guatemala",4246.485974
1992,"Guatemala",4439.45084
1997,"Guatemala",4684.313807
2002,"Guatemala",4858.347495
2007,"Guatemala",5186.050003
1952,"Guinea",510.1964923
1957,"Guinea",576.2670245
1962,"Guinea",686.3736739
1967,"Guinea",708.7595409
1972,"Guinea",741.6662307
1977,"Guinea",874.6858643
1982,"Guinea",857.2503577
1987,"Guinea",805.5724718
1992,"Guinea",794.3484384
1997,"Guinea",869.4497668
2002,"Guinea",945.5835837
2007,"Guinea",942.6542111
1952,"Guinea Bissau",299.850319
1957,"Guinea Bissau",431.7904566
1962,"Guinea Bissau",522.0343725
1967,"Guinea Bissau",715.5806402
1972,"Guinea Bissau",820.2245876
1977,"Guinea Bissau",764.7259628
1982,"Guinea Bissau",838.1239671
1987,"Guinea Bissau",736.4153921
1992,"Guinea Bissau",745.5398706
1997,"Guinea Bissau",796.6644681
2002,"Guinea Bissau",575.7047176
2007,"Guinea Bissau",579.231743
1952,"Haití",1840.366939
1957,"Haití",1726.887882
1962,"Haití",1796.589032
1967,"Haití",1452.057666
1972,"Haití",1654.456946
1977,"Haití",1874.298931
1982,"Haití",2011.159549
1987,"Haití",1823.015995
1992,"Haití",1456.309517
1997,"Haití",1341.726931
2002,"Haití",1270.364932
2007,"Haití",1201.637154
1952,"Honduras",2194.926204
1957,"Honduras",2220.487682
1962,"Honduras",2291.156835
1967,"Honduras",2538.269358
1972,"Honduras",2529.842345
1977,"Honduras",3203.208066
1982,"Honduras",3121.760794
1987,"Honduras",3023.096699
1992,"Honduras",3081.694603
1997,"Honduras",3160.454906
2002,"Honduras",3099.72866
2007,"Honduras",3548.330846
1952,"Hong Kong, China",3054.421209
1957,"Hong Kong, China",3629.076457
1962,"Hong Kong, China",4692.648272
1967,"Hong Kong, China",6197.962814
1972,"Hong Kong, China",8315.928145
1977,"Hong Kong, China",11186.14125
1982,"Hong Kong, China",14560.53051
1987,"Hong Kong, China",20038.47269
1992,"Hong Kong, China",24757.60301
1997,"Hong Kong, China",28377.63219
2002,"Hong Kong, China",30209.01516
2007,"Hong Kong, China",39724.97867
1952,"Hungría",5263.673816
1957,"Hungría",6040.180011
1962,"Hungría",7550.359877
1967,"Hungría",9326.64467
1972,"Hungría",10168.65611
1977,"Hungría",11674.83737
1982,"Hungría",12545.99066
1987,"Hungría",12986.47998
1992,"Hungría",10535.62855
1997,"Hungría",11712.7768
2002,"Hungría",14843.93556
2007,"Hungría",18008.94444
1952,"Islandia",7267.688428
1957,"Islandia",9244.001412
1962,"Islandia",10350.15906
1967,"Islandia",13319.89568
1972,"Islandia",15798.06362
1977,"Islandia",19654.96247
1982,"Islandia",23269.6075
1987,"Islandia",26923.20628
1992,"Islandia",25144.39201
1997,"Islandia",28061.09966
2002,"Islandia",31163.20196
2007,"Islandia",36180.78919
1952,"India",546.5657493
1957,"India",590.061996
1962,"India",658.3471509
1967,"India",700.7706107
1972,"India",724.032527
1977,"India",813.337323
1982,"India",855.7235377
1987,"India",976.5126756
1992,"India",1164.406809
1997,"India",1458.817442
2002,"India",1746.769454
2007,"India",2452.210407
1952,"Indonesia",749.6816546
1957,"Indonesia",858.9002707
1962,"Indonesia",849.2897701
1967,"Indonesia",762.4317721
1972,"Indonesia",1111.107907
1977,"Indonesia",1382.702056
1982,"Indonesia",1516.872988
1987,"Indonesia",1748.356961
1992,"Indonesia",2383.140898
1997,"Indonesia",3119.335603
2002,"Indonesia",2873.91287
2007,"Indonesia",3540.651564
1952,"Irán",3035.326002
1957,"Irán",3290.257643
1962,"Irán",4187.329802
1967,"Irán",5906.731805
1972,"Irán",9613.818607
1977,"Irán",11888.59508
1982,"Irán",7608.334602
1987,"Irán",6642.881371
1992,"Irán",7235.653188
1997,"Irán",8263.590301
2002,"Irán",9240.761975
2007,"Irán",11605.71449
1952,"Iraq",4129.766056
1957,"Iraq",6229.333562
1962,"Iraq",8341.737815
1967,"Iraq",8931.459811
1972,"Iraq",9576.037596
1977,"Iraq",14688.23507
1982,"Iraq",14517.90711
1987,"Iraq",11643.57268
1992,"Iraq",3745.640687
1997,"Iraq",3076.239795
2002,"Iraq",4390.717312
2007,"Iraq",4471.061906
1952,"Irlanda",5210.280328
1957,"Irlanda",5599.077872
1962,"Irlanda",6631.597314
1967,"Irlanda",7655.568963
1972,"Irlanda",9530.772896
1977,"Irlanda",11150.98113
1982,"Irlanda",12618.32141
1987,"Irlanda",13872.86652
1992,"Irlanda",17558.81555
1997,"Irlanda",24521.94713
2002,"Irlanda",34077.04939
2007,"Irlanda",40675.99635
1952,"Israel",4086.522128
1957,"Israel",5385.278451
1962,"Israel",7105.630706
1967,"Israel",8393.741404
1972,"Israel",12786.93223
1977,"Israel",13306.61921
1982,"Israel",15367.0292
1987,"Israel",17122.47986
1992,"Israel",18051.52254
1997,"Israel",20896.60924
2002,"Israel",21905.59514
2007,"Israel",25523.2771
1952,"Italia",4931.404155
1957,"Italia",6248.656232
1962,"Italia",8243.58234
1967,"Italia",10022.40131
1972,"Italia",12269.27378
1977,"Italia",14255.98475
1982,"Italia",16537.4835
1987,"Italia",19207.23482
1992,"Italia",22013.64486
1997,"Italia",24675.02446
2002,"Italia",27968.09817
2007,"Italia",28569.7197
1952,"Jamaica",2898.530881
1957,"Jamaica",4756.525781
1962,"Jamaica",5246.107524
1967,"Jamaica",6124.703451
1972,"Jamaica",7433.889293
1977,"Jamaica",6650.195573
1982,"Jamaica",6068.05135
1987,"Jamaica",6351.237495
1992,"Jamaica",7404.923685
1997,"Jamaica",7121.924704
2002,"Jamaica",6994.774861
2007,"Jamaica",7320.880262
1952,"Japón",3216.956347
1957,"Japón",4317.694365
1962,"Japón",6576.649461
1967,"Japón",9847.788607
1972,"Japón",14778.78636
1977,"Japón",16610.37701
1982,"Japón",19384.10571
1987,"Japón",22375.94189
1992,"Japón",26824.89511
1997,"Japón",28816.58499
2002,"Japón",28604.5919
2007,"Japón",31656.06806
1952,"Jordania",1546.907807
1957,"Jordania",1886.080591
1962,"Jordania",2348.009158
1967,"Jordania",2741.796252
1972,"Jordania",2110.856309
1977,"Jordania",2852.351568
1982,"Jordania",4161.415959
1987,"Jordania",4448.679912
1992,"Jordania",3431.593647
1997,"Jordania",3645.379572
2002,"Jordania",3844.917194
2007,"Jordania",4519.461171
1952,"Kenia",853.540919
1957,"Kenia",944.4383152
1962,"Kenia",896.9663732
1967,"Kenia",1056.736457
1972,"Kenia",1222.359968
1977,"Kenia",1267.613204
1982,"Kenia",1348.225791
1987,"Kenia",1361.936856
1992,"Kenia",1341.921721
1997,"Kenia",1360.485021
2002,"Kenia",1287.514732
2007,"Kenia",1463.249282
1952,"Corea, Rep. Dem.",1088.277758
1957,"Corea, Rep. Dem.",1571.134655
1962,"Corea, Rep. Dem.",1621.693598
1967,"Corea, Rep. Dem.",2143.540609
1972,"Corea, Rep. Dem.",3701.621503
1977,"Corea, Rep. Dem.",4106.301249
1982,"Corea, Rep. Dem.",4106.525293
1987,"Corea, Rep. Dem.",4106.492315
1992,"Corea, Rep. Dem.",3726.063507
1997,"Corea, Rep. Dem.",1690.756814
2002,"Corea, Rep. Dem.",1646.758151
2007,"Corea, Rep. Dem.",1593.06548
1952,"Corea, Rep.",1030.592226
1957,"Corea, Rep.",1487.593537
1962,"Corea, Rep.",1536.344387
1967,"Corea, Rep.",2029.228142
1972,"Corea, Rep.",3030.87665
1977,"Corea, Rep.",4657.22102
1982,"Corea, Rep.",5622.942464
1987,"Corea, Rep.",8533.088805
1992,"Corea, Rep.",12104.27872
1997,"Corea, Rep.",15993.52796
2002,"Corea, Rep.",19233.98818
2007,"Corea, Rep.",23348.13973
1952,"Kuwait",108382.3529
1957,"Kuwait",113523.1329
1962,"Kuwait",95458.11176
1967,"Kuwait",80894.88326
1972,"Kuwait",109347.867
1977,"Kuwait",59265.47714
1982,"Kuwait",31354.03573
1987,"Kuwait",28118.42998
1992,"Kuwait",34932.91959
1997,"Kuwait",40300.61996
2002,"Kuwait",35110.10566
2007,"Kuwait",47306.98978
1952,"Líbano",4834.804067
1957,"Líbano",6089.786934
1962,"Líbano",5714.560611
1967,"Líbano",6006.983042
1972,"Líbano",7486.384341
1977,"Líbano",8659.696836
1982,"Líbano",7640.519521
1987,"Líbano",5377.091329
1992,"Líbano",6890.806854
1997,"Líbano",8754.96385
2002,"Líbano",9313.93883
2007,"Líbano",10461.05868
1952,"Lesoto",298.8462121
1957,"Lesoto",335.9971151
1962,"Lesoto",411.8006266
1967,"Lesoto",498.6390265
1972,"Lesoto",496.5815922
1977,"Lesoto",745.3695408
1982,"Lesoto",797.2631074
1987,"Lesoto",773.9932141
1992,"Lesoto",977.4862725
1997,"Lesoto",1186.147994
2002,"Lesoto",1275.184575
2007,"Lesoto",1569.331442
1952,"Liberia",575.5729961
1957,"Liberia",620.9699901
1962,"Liberia",634.1951625
1967,"Liberia",713.6036483
1972,"Liberia",803.0054535
1977,"Liberia",640.3224383
1982,"Liberia",572.1995694
1987,"Liberia",506.1138573
1992,"Liberia",636.6229191
1997,"Liberia",609.1739508
2002,"Liberia",531.4823679
2007,"Liberia",414.5073415
1952,"Libia",2387.54806
1957,"Libia",3448.284395
1962,"Libia",6757.030816
1967,"Libia",18772.75169
1972,"Libia",21011.49721
1977,"Libia",21951.21176
1982,"Libia",17364.27538
1987,"Libia",11770.5898
1992,"Libia",9640.138501
1997,"Libia",9467.446056
2002,"Libia",9534.677467
2007,"Libia",12057.49928
1952,"Madagascar",1443.011715
1957,"Madagascar",1589.20275
1962,"Madagascar",1643.38711
1967,"Madagascar",1634.047282
1972,"Madagascar",1748.562982
1977,"Madagascar",1544.228586
1982,"Madagascar",1302.878658
1987,"Madagascar",1155.441948
1992,"Madagascar",1040.67619
1997,"Madagascar",986.2958956
2002,"Madagascar",894.6370822
2007,"Madagascar",1044.770126
1952,"Malaui",369.1650802
1957,"Malaui",416.3698064
1962,"Malaui",427.9010856
1967,"Malaui",495.5147806
1972,"Malaui",584.6219709
1977,"Malaui",663.2236766
1982,"Malaui",632.8039209
1987,"Malaui",635.5173634
1992,"Malaui",563.2000145
1997,"Malaui",692.2758103
2002,"Malaui",665.4231186
2007,"Malaui",759.3499101
1952,"Malasia",1831.132894
1957,"Malasia",1810.066992
1962,"Malasia",2036.884944
1967,"Malasia",2277.742396
1972,"Malasia",2849.09478
1977,"Malasia",3827.921571
1982,"Malasia",4920.355951
1987,"Malasia",5249.802653
1992,"Malasia",7277.912802
1997,"Malasia",10132.90964
2002,"Malasia",10206.97794
2007,"Malasia",12451.6558
1952,"Malí",452.3369807
1957,"Malí",490.3821867
1962,"Malí",496.1743428
1967,"Malí",545.0098873
1972,"Malí",581.3688761
1977,"Malí",686.3952693
1982,"Malí",618.0140641
1987,"Malí",684.1715576
1992,"Malí",739.014375
1997,"Malí",790.2579846
2002,"Malí",951.4097518
2007,"Malí",1042.581557
1952,"Mauritania",743.1159097
1957,"Mauritania",846.1202613
1962,"Mauritania",1055.896036
1967,"Mauritania",1421.145193
1972,"Mauritania",1586.851781
1977,"Mauritania",1497.492223
1982,"Mauritania",1481.150189
1987,"Mauritania",1421.603576
1992,"Mauritania",1361.369784
1997,"Mauritania",1483.136136
2002,"Mauritania",1579.019543
2007,"Mauritania",1803.151496
1952,"Mauricio",1967.955707
1957,"Mauricio",2034.037981
1962,"Mauricio",2529.067487
1967,"Mauricio",2475.387562
1972,"Mauricio",2575.484158
1977,"Mauricio",3710.982963
1982,"Mauricio",3688.037739
1987,"Mauricio",4783.586903
1992,"Mauricio",6058.253846
1997,"Mauricio",7425.705295
2002,"Mauricio",9021.815894
2007,"Mauricio",10956.99112
1952,"México",3478.125529
1957,"México",4131.546641
1962,"México",4581.609385
1967,"México",5754.733883
1972,"México",6809.40669
1977,"México",7674.929108
1982,"México",9611.147541
1987,"México",8688.156003
1992,"México",9472.384295
1997,"México",9767.29753
2002,"México",10742.44053
2007,"México",11977.57496
1952,"Mongolia",786.5668575
1957,"Mongolia",912.6626085
1962,"Mongolia",1056.353958
1967,"Mongolia",1226.04113
1972,"Mongolia",1421.741975
1977,"Mongolia",1647.511665
1982,"Mongolia",2000.603139
1987,"Mongolia",2338.008304
1992,"Mongolia",1785.402016
1997,"Mongolia",1902.2521
2002,"Mongolia",2140.739323
2007,"Mongolia",3095.772271
1952,"Montenegro",2647.585601
1957,"Montenegro",3682.259903
1962,"Montenegro",4649.593785
1967,"Montenegro",5907.850937
1972,"Montenegro",7778.414017
1977,"Montenegro",9595.929905
1982,"Montenegro",11222.58762
1987,"Montenegro",11732.51017
1992,"Montenegro",7003.339037
1997,"Montenegro",6465.613349
2002,"Montenegro",6557.194282
2007,"Montenegro",9253.896111
1952,"Marruecos",1688.20357
1957,"Marruecos",1642.002314
1962,"Marruecos",1566.353493
1967,"Marruecos",1711.04477
1972,"Marruecos",1930.194975
1977,"Marruecos",2370.619976
1982,"Marruecos",2702.620356
1987,"Marruecos",2755.046991
1992,"Marruecos",2948.047252
1997,"Marruecos",2982.101858
2002,"Marruecos",3258.495584
2007,"Marruecos",3820.17523
1952,"Mozambique",468.5260381
1957,"Mozambique",495.5868333
1962,"Mozambique",556.6863539
1967,"Mozambique",566.6691539
1972,"Mozambique",724.9178037
1977,"Mozambique",502.3197334
1982,"Mozambique",462.2114149
1987,"Mozambique",389.8761846
1992,"Mozambique",410.8968239
1997,"Mozambique",472.3460771
2002,"Mozambique",633.6179466
2007,"Mozambique",823.6856205
1952,"Myanmar",331
1957,"Myanmar",350
1962,"Myanmar",388
1967,"Myanmar",349
1972,"Myanmar",357
1977,"Myanmar",371
1982,"Myanmar",424
1987,"Myanmar",385
1992,"Myanmar",347
1997,"Myanmar",415
2002,"Myanmar",611
2007,"Myanmar",944
1952,"Namibia",2423.780443
1957,"Namibia",2621.448058
1962,"Namibia",3173.215595
1967,"Namibia",3793.694753
1972,"Namibia",3746.080948
1977,"Namibia",3876.485958
1982,"Namibia",4191.100511
1987,"Namibia",3693.731337
1992,"Namibia",3804.537999
1997,"Namibia",3899.52426
2002,"Namibia",4072.324751
2007,"Namibia",4811.060429
1952,"Nepal",545.8657229
1957,"Nepal",597.9363558
1962,"Nepal",652.3968593
1967,"Nepal",676.4422254
1972,"Nepal",674.7881296
1977,"Nepal",694.1124398
1982,"Nepal",718.3730947
1987,"Nepal",775.6324501
1992,"Nepal",897.7403604
1997,"Nepal",1010.892138
2002,"Nepal",1057.206311
2007,"Nepal",1091.359778
1952,"Países Bajos",8941.571858
1957,"Países Bajos",11276.19344
1962,"Países Bajos",12790.84956
1967,"Países Bajos",15363.25136
1972,"Países Bajos",18794.74567
1977,"Países Bajos",21209.0592
1982,"Países Bajos",21399.46046
1987,"Países Bajos",23651.32361
1992,"Países Bajos",26790.94961
1997,"Países Bajos",30246.13063
2002,"Países Bajos",33724.75778
2007,"Países Bajos",36797.93332
1952,"Nueva Zelanda",10556.57566
1957,"Nueva Zelanda",12247.39532
1962,"Nueva Zelanda",13175.678
1967,"Nueva Zelanda",14463.91893
1972,"Nueva Zelanda",16046.03728
1977,"Nueva Zelanda",16233.7177
1982,"Nueva Zelanda",17632.4104
1987,"Nueva Zelanda",19007.19129
1992,"Nueva Zelanda",18363.32494
1997,"Nueva Zelanda",21050.41377
2002,"Nueva Zelanda",23189.80135
2007,"Nueva Zelanda",25185.00911
1952,"Nicaragua",3112.363948
1957,"Nicaragua",3457.415947
1962,"Nicaragua",3634.364406
1967,"Nicaragua",4643.393534
1972,"Nicaragua",4688.593267
1977,"Nicaragua",5486.371089
1982,"Nicaragua",3470.338156
1987,"Nicaragua",2955.984375
1992,"Nicaragua",2170.151724
1997,"Nicaragua",2253.023004
2002,"Nicaragua",2474.548819
2007,"Nicaragua",2749.320965
1952,"Niger",761.879376
1957,"Niger",835.5234025
1962,"Niger",997.7661127
1967,"Niger",1054.384891
1972,"Niger",954.2092363
1977,"Niger",808.8970728
1982,"Niger",909.7221354
1987,"Niger",668.3000228
1992,"Niger",581.182725
1997,"Niger",580.3052092
2002,"Niger",601.0745012
2007,"Niger",619.6768924
1952,"Nigeria",1077.281856
1957,"Nigeria",1100.592563
1962,"Nigeria",1150.927478
1967,"Nigeria",1014.514104
1972,"Nigeria",1698.388838
1977,"Nigeria",1981.951806
1982,"Nigeria",1576.97375
1987,"Nigeria",1385.029563
1992,"Nigeria",1619.848217
1997,"Nigeria",1624.941275
2002,"Nigeria",1615.286395
2007,"Nigeria",2013.977305
1952,"Noruega",10095.42172
1957,"Noruega",11653.97304
1962,"Noruega",13450.40151
1967,"Noruega",16361.87647
1972,"Noruega",18965.05551
1977,"Noruega",23311.34939
1982,"Noruega",26298.63531
1987,"Noruega",31540.9748
1992,"Noruega",33965.66115
1997,"Noruega",41283.16433
2002,"Noruega",44683.97525
2007,"Noruega",49357.19017
1952,"Omán",1828.230307
1957,"Omán",2242.746551
1962,"Omán",2924.638113
1967,"Omán",4720.942687
1972,"Omán",10618.03855
1977,"Omán",11848.34392
1982,"Omán",12954.79101
1987,"Omán",18115.22313
1992,"Omán",18616.70691
1997,"Omán",19702.05581
2002,"Omán",19774.83687
2007,"Omán",22316.19287
1952,"Pakistán",684.5971438
1957,"Pakistán",747.0835292
1962,"Pakistán",803.3427418
1967,"Pakistán",942.4082588
1972,"Pakistán",1049.938981
1977,"Pakistán",1175.921193
1982,"Pakistán",1443.429832
1987,"Pakistán",1704.686583
1992,"Pakistán",1971.829464
1997,"Pakistán",2049.350521
2002,"Pakistán",2092.712441
2007,"Pakistán",2605.94758
1952,"Panamá",2480.380334
1957,"Panamá",2961.800905
1962,"Panamá",3536.540301
1967,"Panamá",4421.009084
1972,"Panamá",5364.249663
1977,"Panamá",5351.912144
1982,"Panamá",7009.601598
1987,"Panamá",7034.779161
1992,"Panamá",6618.74305
1997,"Panamá",7113.692252
2002,"Panamá",7356.031934
2007,"Panamá",9809.185636
1952,"Paraguay",1952.308701
1957,"Paraguay",2046.154706
1962,"Paraguay",2148.027146
1967,"Paraguay",2299.376311
1972,"Paraguay",2523.337977
1977,"Paraguay",3248.373311
1982,"Paraguay",4258.503604
1987,"Paraguay",3998.875695
1992,"Paraguay",4196.411078
1997,"Paraguay",4247.400261
2002,"Paraguay",3783.674243
2007,"Paraguay",4172.838464
1952,"Perú",3758.523437
1957,"Perú",4245.256698
1962,"Perú",4957.037982
1967,"Perú",5788.09333
1972,"Perú",5937.827283
1977,"Perú",6281.290855
1982,"Perú",6434.501797
1987,"Perú",6360.943444
1992,"Perú",4446.380924
1997,"Perú",5838.347657
2002,"Perú",5909.020073
2007,"Perú",7408.905561
1952,"Filipinas",1272.880995
1957,"Filipinas",1547.944844
1962,"Filipinas",1649.552153
1967,"Filipinas",1814.12743
1972,"Filipinas",1989.37407
1977,"Filipinas",2373.204287
1982,"Filipinas",2603.273765
1987,"Filipinas",2189.634995
1992,"Filipinas",2279.324017
1997,"Filipinas",2536.534925
2002,"Filipinas",2650.921068
2007,"Filipinas",3190.481016
1952,"Polonia",4029.329699
1957,"Polonia",4734.253019
1962,"Polonia",5338.752143
1967,"Polonia",6557.152776
1972,"Polonia",8006.506993
1977,"Polonia",9508.141454
1982,"Polonia",8451.531004
1987,"Polonia",9082.351172
1992,"Polonia",7738.881247
1997,"Polonia",10159.58368
2002,"Polonia",12002.23908
2007,"Polonia",15389.92468
1952,"Portugal",3068.319867
1957,"Portugal",3774.571743
1962,"Portugal",4727.954889
1967,"Portugal",6361.517993
1972,"Portugal",9022.247417
1977,"Portugal",10172.48572
1982,"Portugal",11753.84291
1987,"Portugal",13039.30876
1992,"Portugal",16207.26663
1997,"Portugal",17641.03156
2002,"Portugal",19970.90787
2007,"Portugal",20509.64777
1952,"Puerto Rico",3081.959785
1957,"Puerto Rico",3907.156189
1962,"Puerto Rico",5108.34463
1967,"Puerto Rico",6929.277714
1972,"Puerto Rico",9123.041742
1977,"Puerto Rico",9770.524921
1982,"Puerto Rico",10330.98915
1987,"Puerto Rico",12281.34191
1992,"Puerto Rico",14641.58711
1997,"Puerto Rico",16999.4333
2002,"Puerto Rico",18855.60618
2007,"Puerto Rico",19328.70901
1952,"Reunión",2718.885295
1957,"Reunión",2769.451844
1962,"Reunión",3173.72334
1967,"Reunión",4021.175739
1972,"Reunión",5047.658563
1977,"Reunión",4319.804067
1982,"Reunión",5267.219353
1987,"Reunión",5303.377488
1992,"Reunión",6101.255823
1997,"Reunión",6071.941411
2002,"Reunión",6316.1652
2007,"Reunión",7670.122558
1952,"Rumania",3144.613186
1957,"Rumania",3943.370225
1962,"Rumania",4734.997586
1967,"Rumania",6470.866545
1972,"Rumania",8011.414402
1977,"Rumania",9356.39724
1982,"Rumania",9605.314053
1987,"Rumania",9696.273295
1992,"Rumania",6598.409903
1997,"Rumania",7346.547557
2002,"Rumania",7885.360081
2007,"Rumania",10808.47561
1952,"Ruanda",493.3238752
1957,"Ruanda",540.2893983
1962,"Ruanda",597.4730727
1967,"Ruanda",510.9637142
1972,"Ruanda",590.5806638
1977,"Ruanda",670.0806011
1982,"Ruanda",881.5706467
1987,"Ruanda",847.991217
1992,"Ruanda",737.0685949
1997,"Ruanda",589.9445051
2002,"Ruanda",785.6537648
2007,"Ruanda",863.0884639
1952,"Santo Tomé y Príncipe",879.5835855
1957,"Santo Tomé y Príncipe",860.7369026
1962,"Santo Tomé y Príncipe",1071.551119
1967,"Santo Tomé y Príncipe",1384.840593
1972,"Santo Tomé y Príncipe",1532.985254
1977,"Santo Tomé y Príncipe",1737.561657
1982,"Santo Tomé y Príncipe",1890.218117
1987,"Santo Tomé y Príncipe",1516.525457
1992,"Santo Tomé y Príncipe",1428.777814
1997,"Santo Tomé y Príncipe",1339.076036
2002,"Santo Tomé y Príncipe",1353.09239
2007,"Santo Tomé y Príncipe",1598.435089
1952,"Arabia Saudita",6459.554823
1957,"Arabia Saudita",8157.591248
1962,"Arabia Saudita",11626.41975
1967,"Arabia Saudita",16903.04886
1972,"Arabia Saudita",24837.42865
1977,"Arabia Saudita",34167.7626
1982,"Arabia Saudita",33693.17525
1987,"Arabia Saudita",21198.26136
1992,"Arabia Saudita",24841.61777
1997,"Arabia Saudita",20586.69019
2002,"Arabia Saudita",19014.54118
2007,"Arabia Saudita",21654.83194
1952,"Senegal",1450.356983
1957,"Senegal",1567.653006
1962,"Senegal",1654.988723
1967,"Senegal",1612.404632
1972,"Senegal",1597.712056
1977,"Senegal",1561.769116
1982,"Senegal",1518.479984
1987,"Senegal",1441.72072
1992,"Senegal",1367.899369
1997,"Senegal",1392.368347
2002,"Senegal",1519.635262
2007,"Senegal",1712.472136
1952,"Serbia",3581.459448
1957,"Serbia",4981.090891
1962,"Serbia",6289.629157
1967,"Serbia",7991.707066
1972,"Serbia",10522.06749
1977,"Serbia",12980.66956
1982,"Serbia",15181.0927
1987,"Serbia",15870.87851
1992,"Serbia",9325.068238
1997,"Serbia",7914.320304
2002,"Serbia",7236.075251
2007,"Serbia",9786.534714
1952,"Sierra Leona",879.7877358
1957,"Sierra Leona",1004.484437
1962,"Sierra Leona",1116.639877
1967,"Sierra Leona",1206.043465
1972,"Sierra Leona",1353.759762
1977,"Sierra Leona",1348.285159
1982,"Sierra Leona",1465.010784
1987,"Sierra Leona",1294.447788
1992,"Sierra Leona",1068.696278
1997,"Sierra Leona",574.6481576
2002,"Sierra Leona",699.489713
2007,"Sierra Leona",862.5407561
1952,"Singapur",2315.138227
1957,"Singapur",2843.104409
1962,"Singapur",3674.735572
1967,"Singapur",4977.41854
1972,"Singapur",8597.756202
1977,"Singapur",11210.08948
1982,"Singapur",15169.16112
1987,"Singapur",18861.53081
1992,"Singapur",24769.8912
1997,"Singapur",33519.4766
2002,"Singapur",36023.1054
2007,"Singapur",47143.17964
1952,"Eslovaquia",5074.659104
1957,"Eslovaquia",6093.26298
1962,"Eslovaquia",7481.107598
1967,"Eslovaquia",8412.902397
1972,"Eslovaquia",9674.167626
1977,"Eslovaquia",10922.66404
1982,"Eslovaquia",11348.54585
1987,"Eslovaquia",12037.26758
1992,"Eslovaquia",9498.467723
1997,"Eslovaquia",12126.23065
2002,"Eslovaquia",13638.77837
2007,"Eslovaquia",18678.31435
1952,"Eslovenia",4215.041741
1957,"Eslovenia",5862.276629
1962,"Eslovenia",7402.303395
1967,"Eslovenia",9405.489397
1972,"Eslovenia",12383.4862
1977,"Eslovenia",15277.03017
1982,"Eslovenia",17866.72175
1987,"Eslovenia",18678.53492
1992,"Eslovenia",14214.71681
1997,"Eslovenia",17161.10735
2002,"Eslovenia",20660.01936
2007,"Eslovenia",25768.25759
1952,"Somalia",1135.749842
1957,"Somalia",1258.147413
1962,"Somalia",1369.488336
1967,"Somalia",1284.73318
1972,"Somalia",1254.576127
1977,"Somalia",1450.992513
1982,"Somalia",1176.807031
1987,"Somalia",1093.244963
1992,"Somalia",926.9602964
1997,"Somalia",930.5964284
2002,"Somalia",882.0818218
2007,"Somalia",926.1410683
1952,"Sudáfrica",4725.295531
1957,"Sudáfrica",5487.104219
1962,"Sudáfrica",5768.729717
1967,"Sudáfrica",7114.477971
1972,"Sudáfrica",7765.962636
1977,"Sudáfrica",8028.651439
1982,"Sudáfrica",8568.266228
1987,"Sudáfrica",7825.823398
1992,"Sudáfrica",7225.069258
1997,"Sudáfrica",7479.188244
2002,"Sudáfrica",7710.946444
2007,"Sudáfrica",9269.657808
1952,"España",3834.034742
1957,"España",4564.80241
1962,"España",5693.843879
1967,"España",7993.512294
1972,"España",10638.75131
1977,"España",13236.92117
1982,"España",13926.16997
1987,"España",15764.98313
1992,"España",18603.06452
1997,"España",20445.29896
2002,"España",24835.47166
2007,"España",28821.0637
1952,"Sri Lanka",1083.53203
1957,"Sri Lanka",1072.546602
1962,"Sri Lanka",1074.47196
1967,"Sri Lanka",1135.514326
1972,"Sri Lanka",1213.39553
1977,"Sri Lanka",1348.775651
1982,"Sri Lanka",1648.079789
1987,"Sri Lanka",1876.766827
1992,"Sri Lanka",2153.739222
1997,"Sri Lanka",2664.477257
2002,"Sri Lanka",3015.378833
2007,"Sri Lanka",3970.095407
1952,"Sudán",1615.991129
1957,"Sudán",1770.337074
1962,"Sudán",1959.593767
1967,"Sudán",1687.997641
1972,"Sudán",1659.652775
1977,"Sudán",2202.988423
1982,"Sudán",1895.544073
1987,"Sudán",1507.819159
1992,"Sudán",1492.197043
1997,"Sudán",1632.210764
2002,"Sudán",1993.398314
2007,"Sudán",2602.394995
1952,"Swazilandia",1148.376626
1957,"Swazilandia",1244.708364
1962,"Swazilandia",1856.182125
1967,"Swazilandia",2613.101665
1972,"Swazilandia",3364.836625
1977,"Swazilandia",3781.410618
1982,"Swazilandia",3895.384018
1987,"Swazilandia",3984.839812
1992,"Swazilandia",3553.0224
1997,"Swazilandia",3876.76846
2002,"Swazilandia",4128.116943
2007,"Swazilandia",4513.480643
1952,"Suecia",8527.844662
1957,"Suecia",9911.878226
1962,"Suecia",12329.44192
1967,"Suecia",15258.29697
1972,"Suecia",17832.02464
1977,"Suecia",18855.72521
1982,"Suecia",20667.38125
1987,"Suecia",23586.92927
1992,"Suecia",23880.01683
1997,"Suecia",25266.59499
2002,"Suecia",29341.63093
2007,"Suecia",33859.74835
1952,"Suiza",14734.23275
1957,"Suiza",17909.48973
1962,"Suiza",20431.0927
1967,"Suiza",22966.14432
1972,"Suiza",27195.11304
1977,"Suiza",26982.29052
1982,"Suiza",28397.71512
1987,"Suiza",30281.70459
1992,"Suiza",31871.5303
1997,"Suiza",32135.32301
2002,"Suiza",34480.95771
2007,"Suiza",37506.41907
1952,"Siria",1643.485354
1957,"Siria",2117.234893
1962,"Siria",2193.037133
1967,"Siria",1881.923632
1972,"Siria",2571.423014
1977,"Siria",3195.484582
1982,"Siria",3761.837715
1987,"Siria",3116.774285
1992,"Siria",3340.542768
1997,"Siria",4014.238972
2002,"Siria",4090.925331
2007,"Siria",4184.548089
1952,"Taiwán, China",1206.947913
1957,"Taiwán, China",1507.86129
1962,"Taiwán, China",1822.879028
1967,"Taiwán, China",2643.858681
1972,"Taiwán, China",4062.523897
1977,"Taiwán, China",5596.519826
1982,"Taiwán, China",7426.354774
1987,"Taiwán, China",11054.56175
1992,"Taiwán, China",15215.6579
1997,"Taiwán, China",20206.82098
2002,"Taiwán, China",23235.42329
2007,"Taiwán, China",28718.27684
1952,"Tanzania",716.6500721
1957,"Tanzania",698.5356073
1962,"Tanzania",722.0038073
1967,"Tanzania",848.2186575
1972,"Tanzania",915.9850592
1977,"Tanzania",962.4922932
1982,"Tanzania",874.2426069
1987,"Tanzania",831.8220794
1992,"Tanzania",825.682454
1997,"Tanzania",789.1862231
2002,"Tanzania",899.0742111
2007,"Tanzania",1107.482182
1952,"Tailandia",757.7974177
1957,"Tailandia",793.5774148
1962,"Tailandia",1002.199172
1967,"Tailandia",1295.46066
1972,"Tailandia",1524.358936
1977,"Tailandia",1961.224635
1982,"Tailandia",2393.219781
1987,"Tailandia",2982.653773
1992,"Tailandia",4616.896545
1997,"Tailandia",5852.625497
2002,"Tailandia",5913.187529
2007,"Tailandia",7458.396327
1952,"Togo",859.8086567
1957,"Togo",925.9083202
1962,"Togo",1067.53481
1967,"Togo",1477.59676
1972,"Togo",1649.660188
1977,"Togo",1532.776998
1982,"Togo",1344.577953
1987,"Togo",1202.201361
1992,"Togo",1034.298904
1997,"Togo",982.2869243
2002,"Togo",886.2205765
2007,"Togo",882.9699438
1952,"Trinidad y Tobago",3023.271928
1957,"Trinidad y Tobago",4100.3934
1962,"Trinidad y Tobago",4997.523971
1967,"Trinidad y Tobago",5621.368472
1972,"Trinidad y Tobago",6619.551419
1977,"Trinidad y Tobago",7899.554209
1982,"Trinidad y Tobago",9119.528607
1987,"Trinidad y Tobago",7388.597823
1992,"Trinidad y Tobago",7370.990932
1997,"Trinidad y Tobago",8792.573126
2002,"Trinidad y Tobago",11460.60023
2007,"Trinidad y Tobago",18008.50924
1952,"Túnez",1468.475631
1957,"Túnez",1395.232468
1962,"Túnez",1660.30321
1967,"Túnez",1932.360167
1972,"Túnez",2753.285994
1977,"Túnez",3120.876811
1982,"Túnez",3560.233174
1987,"Túnez",3810.419296
1992,"Túnez",4332.720164
1997,"Túnez",4876.798614
2002,"Túnez",5722.895655
2007,"Túnez",7092.923025
1952,"Turquía",1969.10098
1957,"Turquía",2218.754257
1962,"Turquía",2322.869908
1967,"Turquía",2826.356387
1972,"Turquía",3450.69638
1977,"Turquía",4269.122326
1982,"Turquía",4241.356344
1987,"Turquía",5089.043686
1992,"Turquía",5678.348271
1997,"Turquía",6601.429915
2002,"Turquía",6508.085718
2007,"Turquía",8458.276384
1952,"Uganda",734.753484
1957,"Uganda",774.3710692
1962,"Uganda",767.2717398
1967,"Uganda",908.9185217
1972,"Uganda",950.735869
1977,"Uganda",843.7331372
1982,"Uganda",682.2662268
1987,"Uganda",617.7244065
1992,"Uganda",644.1707969
1997,"Uganda",816.559081
2002,"Uganda",927.7210018
2007,"Uganda",1056.380121
1952,"Reino Unido",9979.508487
1957,"Reino Unido",11283.17795
1962,"Reino Unido",12477.17707
1967,"Reino Unido",14142.85089
1972,"Reino Unido",15895.11641
1977,"Reino Unido",17428.74846
1982,"Reino Unido",18232.42452
1987,"Reino Unido",21664.78767
1992,"Reino Unido",22705.09254
1997,"Reino Unido",26074.53136
2002,"Reino Unido",29478.99919
2007,"Reino Unido",33203.26128
1952,"Estados Unidos",13990.48208
1957,"Estados Unidos",14847.12712
1962,"Estados Unidos",16173.14586
1967,"Estados Unidos",19530.36557
1972,"Estados Unidos",21806.03594
1977,"Estados Unidos",24072.63213
1982,"Estados Unidos",25009.55914
1987,"Estados Unidos",29884.35041
1992,"Estados Unidos",32003.93224
1997,"Estados Unidos",35767.43303
2002,"Estados Unidos",39097.09955
2007,"Estados Unidos",42951.65309
1952,"Uruguay",5716.766744
1957,"Uruguay",6150.772969
1962,"Uruguay",5603.357717
1967,"Uruguay",5444.61962
1972,"Uruguay",5703.408898
1977,"Uruguay",6504.339663
1982,"Uruguay",6920.223051
1987,"Uruguay",7452.398969
1992,"Uruguay",8137.004775
1997,"Uruguay",9230.240708
2002,"Uruguay",7727.002004
2007,"Uruguay",10611.46299
1952,"Venezuela",7689.799761
1957,"Venezuela",9802.466526
1962,"Venezuela",8422.974165
1967,"Venezuela",9541.474188
1972,"Venezuela",10505.25966
1977,"Venezuela",13143.95095
1982,"Venezuela",11152.41011
1987,"Venezuela",9883.584648
1992,"Venezuela",10733.92631
1997,"Venezuela",10165.49518
2002,"Venezuela",8605.047831
2007,"Venezuela",11415.80569
1952,"Vietnam",605.0664917
1957,"Vietnam",676.2854478
1962,"Vietnam",772.0491602
1967,"Vietnam",637.1232887
1972,"Vietnam",699.5016441
1977,"Vietnam",713.5371196
1982,"Vietnam",707.2357863
1987,"Vietnam",820.7994449
1992,"Vietnam",989.0231487
1997,"Vietnam",1385.896769
2002,"Vietnam",1764.456677
2007,"Vietnam",2441.576404
1952,"Territorios Palestinos",1515.592329
1957,"Territorios Palestinos",1827.067742
1962,"Territorios Palestinos",2198.956312
1967,"Territorios Palestinos",2649.715007
1972,"Territorios Palestinos",3133.409277
1977,"Territorios Palestinos",3682.831494
1982,"Territorios Palestinos",4336.032082
1987,"Territorios Palestinos",5107.197384
1992,"Territorios Palestinos",6017.654756
1997,"Territorios Palestinos",7110.667619
2002,"Territorios Palestinos",4515.487575
2007,"Territorios Palestinos",3025.349798
1952,"Yemen",781.7175761
1957,"Yemen",804.8304547
1962,"Yemen",825.6232006
1967,"Yemen",862.4421463
1972,"Yemen",1265.047031
1977,"Yemen",1829.765177
1982,"Yemen",1977.55701
1987,"Yemen",1971.741538
1992,"Yemen",1879.496673
1997,"Yemen",2117.484526
2002,"Yemen",2234.820827
2007,"Yemen",2280.769906
1952,"Zambia",1147.388831
1957,"Zambia",1311.956766
1962,"Zambia",1452.725766
1967,"Zambia",1777.077318
1972,"Zambia",1773.498265
1977,"Zambia",1588.688299
1982,"Zambia",1408.678565
1987,"Zambia",1213.315116
1992,"Zambia",1210.884633
1997,"Zambia",1071.353818
2002,"Zambia",1071.613938
2007,"Zambia",1271.211593
1952,"Zimbabue",406.8841148
1957,"Zimbabue",518.7642681
1962,"Zimbabue",527.2721818
1967,"Zimbabue",569.7950712
1972,"Zimbabue",799.3621758
1977,"Zimbabue",685.5876821
1982,"Zimbabue",788.8550411
1987,"Zimbabue",706.1573059
1992,"Zimbabue",693.4207856
1997,"Zimbabue",792.4499603
2002,"Zimbabue",672.0386227
2007,"Zimbabue",469.7092981
