Pais,Año,PBI
Japón,2007,31656.06806
"Hong Kong, China",2007,39724.97867
Japón,2002,28604.5919
Islandia,2007,36180.78919
Suiza,2007,37506.41907
"Hong Kong, China",2002,30209.01516
Australia,2007,34435.36744
España,2007,28821.0637
Suecia,2007,33859.74835
Israel,2007,25523.2771
Japón,1997,28816.58499
Francia,2007,30470.0167
Canadá,2007,36319.23501
Suiza,2002,34480.95771
Italia,2007,28569.7197
Islandia,2002,31163.20196
Australia,2002,30687.75473
Italia,2002,27968.09817
Nueva Zelanda,2007,25185.00911
Noruega,2007,49357.19017
Suecia,2002,29341.63093
"Hong Kong, China",1997,28377.63219
Singapur,2007,47143.17964
Austria,2007,36126.4927
España,2002,24835.47166
Canadá,2002,33328.96507
Países Bajos,2007,36797.93332
Israel,2002,21905.59514
Francia,2002,28926.03234
Grecia,2007,27538.41188
Bélgica,2007,33692.60508
Reino Unido,2007,33203.26128
Alemania,2007,32170.37442
Suecia,1997,25266.59499
Suiza,1997,32135.32301
Japón,1992,26824.89511
Finlandia,2007,33207.0844
Nueva Zelanda,2002,23189.80135
Noruega,2002,44683.97525
Austria,2002,32417.60769
Islandia,1997,28061.09966
Irlanda,2007,40675.99635
Australia,1997,26997.93657
Italia,1997,24675.02446
Costa Rica,2007,9645.06142
Singapur,2002,36023.1054
Islandia,1992,25144.39201
España,1997,20445.29896
Puerto Rico,2007,19328.70901
Alemania,2002,30035.80198
Japón,1987,22375.94189
Francia,1997,25889.78487
"Corea, Rep.",2007,23348.13973
Canadá,1997,28954.92589
Chile,2007,13171.63885
Países Bajos,2002,33724.75778
Reino Unido,2002,29478.99919
"Taiwán, China",2007,28718.27684
Finlandia,2002,28204.59057
Dinamarca,2007,35278.41874
Bélgica,2002,30485.88375
Noruega,1997,41283.16433
Cuba,2007,8948.102923
Israel,1997,20896.60924
Grecia,2002,22514.2548
Estados Unidos,2007,42951.65309
Suecia,1992,23880.01683
Costa Rica,2002,7723.447195
Portugal,2007,20509.64777
Países Bajos,1997,30246.13063
Suiza,1992,31871.5303
Canadá,1992,26342.88426
Eslovenia,2007,25768.25759
Grecia,1997,18747.69814
Chile,2002,10778.78385
Irlanda,2002,34077.04939
Puerto Rico,2002,18855.60618
"Hong Kong, China",1992,24757.60301
Kuwait,2007,47306.98978
España,1992,18603.06452
Australia,1992,23424.76683
Nueva Zelanda,1997,21050.41377
Bélgica,1997,27561.19663
Austria,1997,29095.92066
Francia,1992,24703.79615
Italia,1992,22013.64486
Países Bajos,1992,26790.94961
Suiza,1987,30281.70459
Alemania,1997,27788.88416
Noruega,1992,33965.66115
Estados Unidos,2002,39097.09955
Portugal,2002,19970.90787
Costa Rica,1997,6677.045314
Islandia,1987,26923.20628
Reino Unido,1997,26074.53136
Suecia,1987,23586.92927
Dinamarca,2002,32166.50006
Cuba,2002,6340.646683
Singapur,1997,33519.4766
Finlandia,1997,23723.9502
Japón,1982,19384.10571
"Corea, Rep.",2002,19233.98818
Grecia,1992,17541.49634
Islandia,1982,23269.6075
"Taiwán, China",2002,23235.42329
Israel,1992,18051.52254
Kuwait,2002,35110.10566
España,1987,15764.98313
Canadá,1987,26626.51503
Países Bajos,1987,23651.32361
Estados Unidos,1997,35767.43303
Grecia,1987,16120.52839
Eslovenia,2002,20660.01936
República Checa,2007,22833.30851
Bélgica,1992,25575.57069
Reunión,2007,7670.122558
Albania,2007,5937.029526
Italia,1987,19207.23482
Suecia,1982,20667.38125
Reino Unido,1992,22705.09254
Uruguay,2007,10611.46299
Francia,1987,22066.44214
Nueva Zelanda,1992,18363.32494
Australia,1987,21888.88903
España,1982,13926.16997
Suiza,1982,28397.71512
"Hong Kong, China",1987,20038.47269
México,2007,11977.57496
Kuwait,1997,40300.61996
Cuba,1997,5431.990415
Irlanda,1997,24521.94713
Islandia,1977,19654.96247
Dinamarca,1997,29804.34567
Estados Unidos,1992,32003.93224
Alemania,1992,26505.30317
Países Bajos,1982,21399.46046
Austria,1992,27042.01868
Portugal,1997,17641.03156
Noruega,1982,26298.63531
Noruega,1987,31540.9748
Chile,1997,10118.05318
Singapur,1992,24769.8912
Canadá,1982,22898.79214
Croacia,2007,14619.22272
Reunión,2002,6316.1652
Costa Rica,1992,6160.416317
Finlandia,1992,20647.16499
Albania,2002,4604.211737
Omán,2007,22316.19287
Baréin,2007,29796.04834
Israel,1987,17122.47986
Polonia,2007,15389.92468
Panamá,2007,9809.185636
República Checa,2002,17596.21022
Irlanda,1992,17558.81555
"Hong Kong, China",1982,14560.53051
Montenegro,1997,6465.613349
Suecia,1977,18855.72521
Montenegro,1992,7003.339037
Suiza,1977,26982.29052
Japón,1977,16610.37701
Noruega,1977,23311.34939
Bélgica,1987,22525.56308
Dinamarca,1992,26406.73985
Argentina,2007,12779.37964
Uruguay,2002,7727.002004
"Taiwán, China",1997,20206.82098
Grecia,1982,15268.42089
Países Bajos,1977,21209.0592
Kuwait,1992,34932.91959
Eslovenia,1997,17161.10735
Estados Unidos,1987,29884.35041
Reino Unido,1987,21664.78767
Ecuador,2007,6873.262326
Italia,1982,16537.4835
Austria,1987,23687.82607
Puerto Rico,1997,16999.4333
México,2002,10742.44053
Francia,1982,20293.89746
Croacia,2002,11628.38895
Montenegro,1987,11732.51017
Portugal,1992,16207.26663
Bosnia y Herzegovina,2007,7446.298803
Alemania,1987,24639.18566
Finlandia,1987,21141.01223
Dinamarca,1987,25116.17581
Baréin,2002,23403.55927
Reunión,1997,6071.941411
Costa Rica,1987,5629.915318
Australia,1982,19477.00928
Suecia,1972,17832.02464
Panamá,2002,7356.031934
Dinamarca,1977,20422.9015
Polonia,2002,12002.23908
Eslovaquia,2007,18678.31435
Estados Unidos,1982,25009.55914
"Corea, Rep.",1997,15993.52796
Dinamarca,1982,21688.04048
Puerto Rico,1987,12281.34191
Finlandia,1982,18533.15761
Montenegro,2007,9253.896111
Islandia,1972,15798.06362
Israel,1982,15367.0292
Cuba,1992,5592.843963
España,1977,13236.92117
Irlanda,1987,13872.86652
Argentina,2002,8797.640716
Noruega,1972,18965.05551
Nueva Zelanda,1987,19007.19129
"Taiwán, China",1992,15215.6579
Vietnam,2007,2441.576404
Malasia,2007,12451.6558
Uruguay,1997,9230.240708
Canadá,1977,22090.88306
Omán,2002,19774.83687
Cuba,1987,7532.924763
Kuwait,1987,28118.42998
Ecuador,2002,5773.044512
Suecia,1967,15258.29697
Siria,2007,4184.548089
Chile,1992,7596.125964
Montenegro,1982,11222.58762
Bosnia y Herzegovina,2002,6018.975239
Noruega,1967,16361.87647
Portugal,1987,13039.30876
Reino Unido,1982,18232.42452
República Checa,1997,16048.51424
Serbia,2007,9786.534714
Montenegro,2002,6557.194282
Libia,2007,12057.49928
Bélgica,1982,20979.84589
Baréin,1997,20292.01679
Túnez,2007,7092.923025
Puerto Rico,1992,14641.58711
Nueva Zelanda,1982,17632.4104
Francia,1977,18292.63514
Países Bajos,1967,15363.25136
Alemania,1982,22031.53274
Eslovaquia,2002,13638.77837
Suiza,1972,27195.11304
Puerto Rico,1982,10330.98915
Países Bajos,1972,18794.74567
Venezuela,2007,11415.80569
Panamá,1997,7113.692252
Islandia,1967,13319.89568
Cuba,1982,7316.918107
Croacia,1997,9875.604515
Grecia,1977,14195.52428
Islandia,1962,10350.15906
México,1997,9767.29753
Eslovenia,1992,14214.71681
Reunión,1992,6101.255823
"Hong Kong, China",1977,11186.14125
Singapur,1987,18861.53081
Australia,1977,18334.19751
Italia,1977,14255.98475
Islandia,1957,9244.001412
Noruega,1962,13450.40151
Dinamarca,1972,18866.20721
Costa Rica,1982,5262.734751
Puerto Rico,1977,9770.524921
Noruega,1957,11653.97304
Territorios Palestinos,2007,3025.349798
Japón,1972,14778.78636
"Taiwán, China",1987,11054.56175
Estados Unidos,1977,24072.63213
Suecia,1962,12329.44192
Hungría,2007,18008.94444
Argentina,1997,10967.28195
Bosnia y Herzegovina,1997,4766.355904
Países Bajos,1962,12790.84956
Serbia,2002,7236.075251
Austria,1982,21597.08362
Irlanda,1982,12618.32141
Montenegro,1977,9595.929905
Israel,1977,13306.61921
España,1972,10638.75131
Siria,2002,4090.925331
Malasia,2002,10206.97794
Túnez,2002,5722.895655
Vietnam,2002,1764.456677
Bulgaria,2007,10680.79282
Países Bajos,1957,11276.19344
China,2007,4959.114854
Dinamarca,1967,15937.21123
Albania,1997,3193.054604
Nicaragua,2007,2749.320965
Colombia,2007,7006.580419
Canadá,1972,18970.57086
Mauricio,2007,10956.99112
Bélgica,1977,19117.97448
Arabia Saudita,2007,21654.83194
Portugal,1982,11753.84291
Suiza,1967,22966.14432
Venezuela,2002,8605.047831
Reino Unido,1977,17428.74846
Uruguay,1992,8137.004775
Polonia,1997,10159.58368
Libia,2002,9534.677467
Eslovaquia,1997,12126.23065
Noruega,1952,10095.42172
Cuba,1977,6380.494966
Baréin,1992,19035.57917
Hungría,2002,14843.93556
Jamaica,2007,7320.880262
Jordania,2007,4519.461171
Croacia,1992,8447.794873
Finlandia,1977,15605.42283
Alemania,1977,20512.92123
Omán,1997,19702.05581
Chile,1987,5547.063754
Islandia,1952,7267.688428
Suecia,1957,9911.878226
Rumania,2007,10808.47561
Panamá,1992,6618.74305
República Checa,1992,14297.02122
Sri Lanka,2007,3970.095407
Brasil,2007,9065.800825
Francia,1972,16107.19171
Territorios Palestinos,2002,4515.487575
Dinamarca,1962,13583.31351
Grecia,1972,12724.82957
Ecuador,1997,7429.455877
Argelia,2007,6223.367465
Jamaica,1997,7121.924704
Eslovenia,1987,18678.53492
"Corea, Rep.",1992,12104.27872
República Dominicana,2007,6025.374752
Serbia,1997,7914.320304
Nueva Zelanda,1977,16233.7177
Italia,1972,12269.27378
Bosnia y Herzegovina,1992,2546.781445
Austria,1977,19749.4223
"Taiwán, China",1982,7426.354774
Puerto Rico,1972,9123.041742
Venezuela,1997,10165.49518
Bulgaria,2002,7696.777725
Países Bajos,1952,8941.571858
Canadá,1967,16076.58803
Jamaica,2002,6994.774861
Irlanda,1977,11150.98113
China,2002,3119.280896
Reino Unido,1972,15895.11641
Albania,1987,3738.932735
"Hong Kong, China",1972,8315.928145
Líbano,2007,10461.05868
Túnez,1997,4876.798614
Mauricio,2002,9021.815894
Malasia,1997,10132.90964
Australia,1972,16788.62948
Uruguay,1987,7452.398969
Reunión,1987,5303.377488
Nueva Zelanda,1972,16046.03728
El Salvador,2007,5728.353514
Argentina,1992,9308.41871
Suecia,1952,8527.844662
Dinamarca,1957,11099.65935
Turquía,2007,8458.276384
Jamaica,1987,6351.237495
Jamaica,1992,7404.923685
Singapur,1982,15169.16112
Paraguay,2007,4172.838464
Filipinas,2007,3190.481016
Colombia,2002,5755.259962
Serbia,1992,9325.068238
Israel,1972,12786.93223
Arabia Saudita,2002,19014.54118
Albania,1992,2497.437901
República Checa,1987,16310.4434
Libia,1997,9467.446056
Francia,1967,12999.91766
Siria,1997,4014.238972
Panamá,1987,7034.779161
Nueva Zelanda,1967,14463.91893
Croacia,1987,13822.58394
México,1992,9472.384295
España,1967,7993.512294
Bélgica,1972,16672.14356
Japón,1967,9847.788607
Perú,2007,7408.905561
Eslovaquia,1992,9498.467723
Reino Unido,1967,14142.85089
Bulgaria,1987,8239.854824
Estados Unidos,1972,21806.03594
Egipto,2007,5581.180998
Rumania,2002,7885.360081
Suiza,1962,20431.0927
Polonia,1982,8451.531004
Kuwait,1982,31354.03573
Canadá,1962,13462.48555
Irlanda,1972,9530.772896
Jordania,2002,3844.917194
Nueva Zelanda,1962,13175.678
Serbia,1987,15870.87851
Jamaica,1982,6068.05135
Omán,1992,18616.70691
Bulgaria,1992,6302.623438
Marruecos,2007,3820.17523
Venezuela,1992,10733.92631
Bosnia y Herzegovina,1987,4314.114757
Puerto Rico,1967,6929.277714
Australia,1967,14526.12465
Territorios Palestinos,1997,7110.667619
Irlanda,1967,7655.568963
Eslovaquia,1987,12037.26758
Bulgaria,1982,8224.191647
Eslovenia,1982,17866.72175
Italia,1967,10022.40131
Hungría,1997,11712.7768
Líbano,2002,9313.93883
Brasil,2002,8131.212843
Grecia,1967,8513.097016
Alemania,1972,18016.18027
Argelia,2002,5288.040382
Polonia,1992,7738.881247
Eslovaquia,1967,8412.902397
Polonia,1987,9082.351172
Eslovenia,1977,15277.03017
Irán,2007,11605.71449
República Checa,1982,15377.22855
Bélgica,1967,13149.04119
Australia,1962,12217.22686
Bulgaria,1972,6597.494398
Finlandia,1972,14358.8759
Polonia,1972,8006.506993
República Dominicana,2002,4563.808154
Turquía,2002,6508.085718
Nicaragua,2002,2474.548819
Sri Lanka,2002,3015.378833
Bulgaria,1977,7612.240438
Uruguay,1982,6920.223051
Eslovaquia,1982,11348.54585
Alemania,1967,14745.62561
Singapur,1977,11210.08948
Dinamarca,1952,9692.385245
Argentina,1987,9139.671389
Reino Unido,1962,12477.17707
Estados Unidos,1967,19530.36557
Paraguay,2002,3783.674243
Israel,1967,8393.741404
Baréin,1987,18524.02406
Costa Rica,1977,5926.876967
Mauricio,1997,7425.705295
El Salvador,2002,5351.568666
Cuba,1972,5305.445256
República Checa,1977,14800.16062
Malasia,1992,7277.912802
Bosnia y Herzegovina,1982,4126.613157
Vietnam,1997,1385.896769
Polonia,1977,9508.141454
Indonesia,2007,3540.651564
"Corea, Rep. Dem.",1987,4106.492315
Croacia,1977,11305.38517
Montenegro,1972,7778.414017
Austria,1972,16661.6256
Tailandia,2007,7458.396327
"Taiwán, China",1977,5596.519826
Chile,1982,5095.665738
Suiza,1957,17909.48973
Arabia Saudita,1997,20586.69019
Francia,1962,10560.48553
Panamá,1982,7009.601598
Croacia,1982,13221.82184
Sri Lanka,1997,2664.477257
Eslovaquia,1977,10922.66404
China,1997,2289.234136
Albania,1982,3630.880722
Reino Unido,1957,11283.17795
Bulgaria,1967,5577.0028
Portugal,1977,10172.48572
República Checa,1967,11399.44489
Sri Lanka,1992,2153.739222
Eslovaquia,1972,9674.167626
Eslovaquia,1962,7481.107598
Australia,1957,10949.64959
Bulgaria,1997,5970.38876
Colombia,1997,6117.361746
Filipinas,2002,2650.921068
Alemania,1962,12902.46291
Serbia,1977,12980.66956
República Checa,1972,13108.4536
Irlanda,1962,6631.597314
Líbano,1997,8754.96385
Nueva Zelanda,1957,12247.39532
Guatemala,2007,5186.050003
Bélgica,1962,10991.20676
Estados Unidos,1962,16173.14586
Honduras,2007,3548.330846
Venezuela,1987,9883.584648
Serbia,1982,15181.0927
Austria,1967,12834.6024
Jamaica,1977,6650.195573
Túnez,1992,4332.720164
"Hong Kong, China",1967,6197.962814
"Corea, Rep. Dem.",1992,3726.063507
Canadá,1957,12489.95006
República Dominicana,1997,3614.101285
Hungría,1977,11674.83737
Argentina,1982,8997.897412
Perú,2002,5909.020073
República Checa,1962,10136.86713
Reunión,1982,5267.219353
Trinidad y Tobago,1992,7370.990932
Bosnia y Herzegovina,1977,3528.481305
Finlandia,1967,10921.63626
Eslovenia,1972,12383.4862
Trinidad y Tobago,2007,18008.50924
"Corea, Rep.",1987,8533.088805
Egipto,2002,4754.604414
Jordania,1997,3645.379572
Hungría,1972,10168.65611
Mauricio,1992,6058.253846
Rumania,1997,7346.547557
Territorios Palestinos,1992,6017.654756
España,1962,5693.843879
Rumania,1982,9605.314053
Puerto Rico,1962,5108.34463
Suiza,1952,14734.23275
Marruecos,2002,3258.495584
Ecuador,1992,7103.702595
Croacia,1972,9164.090127
Polonia,1967,6557.152776
Trinidad y Tobago,1987,7388.597823
Hungría,1987,12986.47998
Austria,1962,10750.72111
El Salvador,1997,5154.825496
Rumania,1987,9696.273295
Singapur,1972,8597.756202
Grecia,1962,6017.190733
Bulgaria,1962,4254.337839
Malasia,1987,5249.802653
Hungría,1967,9326.64467
México,1987,8688.156003
Estados Unidos,1957,14847.12712
Uruguay,1977,6504.339663
Trinidad y Tobago,1997,8792.573126
Rumania,1977,9356.39724
Irán,2002,9240.761975
Paraguay,1997,4247.400261
Hungría,1982,12545.99066
"Taiwán, China",1972,4062.523897
Nueva Zelanda,1952,10556.57566
Israel,1962,7105.630706
Brasil,1997,7957.980824
Rumania,1992,6598.409903
Kuwait,1977,59265.47714
Líbano,1992,6890.806854
Portugal,1972,9022.247417
Siria,1992,3340.542768
Bélgica,1957,9714.960623
Italia,1962,8243.58234
Rumania,1972,8011.414402
Eslovenia,1967,9405.489397
Reino Unido,1952,9979.508487
Hungría,1992,10535.62855
Argelia,1997,4797.295051
Eslovenia,1962,7402.303395
Australia,1952,10039.59564
Alemania,1957,10187.82665
"Corea, Rep. Dem.",1982,4106.525293
Baréin,1982,19211.14731
República Checa,1957,8256.343918
Sri Lanka,1987,1876.766827
Jamaica,1972,7433.889293
Guatemala,2002,4858.347495
Trinidad y Tobago,2002,11460.60023
Albania,1977,3533.00391
Francia,1957,8662.834898
Irlanda,1957,5599.077872
Turquía,1997,6601.429915
Trinidad y Tobago,1982,9119.528607
Arabia Saudita,1992,24841.61777
Sri Lanka,1982,1648.079789
Libia,1992,9640.138501
Canadá,1952,11367.16112
Finlandia,1962,9371.842561
Mauricio,1987,4783.586903
Japón,1962,6576.649461
Serbia,1972,10522.06749
China,1992,1655.784158
Panamá,1977,5351.912144
Uruguay,1972,5703.408898
Indonesia,2002,2873.91287
Honduras,2002,3099.72866
Filipinas,1997,2536.534925
Tailandia,2002,5913.187529
Venezuela,1982,11152.41011
Puerto Rico,1957,3907.156189
Croacia,1967,6960.297861
Argentina,1977,10079.02674
Uruguay,1967,5444.61962
República Dominicana,1992,3044.214214
Estados Unidos,1952,13990.48208
Nicaragua,1997,2253.023004
Colombia,1992,5444.648617
Perú,1997,5838.347657
Trinidad y Tobago,1977,7899.554209
Cuba,1967,5690.268015
Uruguay,1962,5603.357717
Paraguay,1992,4196.411078
Irán,1997,8263.590301
Jordania,1992,3431.593647
Malasia,1982,4920.355951
Bélgica,1952,8343.105127
Hungría,1962,7550.359877
Singapur,1967,4977.41854
Líbano,1987,5377.091329
Grecia,1957,4916.299889
Eslovenia,1957,5862.276629
Costa Rica,1972,5118.146939
Israel,1957,5385.278451
Italia,1957,6248.656232
Colombia,1987,4903.2191
Argelia,1992,5023.216647
Omán,1987,18115.22313
"Corea, Rep. Dem.",1997,1690.756814
Kuwait,1972,109347.867
Albania,1972,3313.422188
Vietnam,1992,989.0231487
Marruecos,1997,2982.101858
Honduras,1997,3160.454906
"Hong Kong, China",1962,4692.648272
Polonia,1962,5338.752143
Tailandia,1997,5852.625497
Jamaica,1967,6124.703451
"Taiwán, China",1967,2643.858681
Alemania,1952,7144.114393
Finlandia,1957,7545.415386
Austria,1957,8842.59803
Venezuela,1977,13143.95095
Eslovaquia,1957,6093.26298
Bosnia y Herzegovina,1972,2860.16975
Francia,1952,7029.809327
México,1982,9611.147541
Paraguay,1987,3998.875695
Tailandia,1992,4616.896545
"Corea, Rep. Dem.",2007,1593.06548
China,1987,1378.904018
Ecuador,1987,6481.776993
Egipto,1997,4173.181797
Montenegro,1967,5907.850937
"Corea, Rep. Dem.",1977,4106.301249
Croacia,1962,5477.890018
"Corea, Rep.",1982,5622.942464
Argentina,1972,9443.038526
Reunión,1977,4319.804067
Brasil,1992,6950.283021
Chile,1977,4756.763836
Territorios Palestinos,1987,5107.197384
Uruguay,1957,6150.772969
Líbano,1982,7640.519521
Siria,1987,3116.774285
Serbia,1967,7991.707066
Irlanda,1952,5210.280328
Túnez,1987,3810.419296
Paraguay,1982,4258.503604
República Checa,1952,6876.14025
Mongolia,2007,3095.772271
Rumania,1967,6470.866545
Rumania,1962,4734.997586
Austria,1952,6137.076492
El Salvador,1992,4444.2317
Mauricio,1982,3688.037739
"Corea, Rep. Dem.",2002,1646.758151
España,1957,4564.80241
Colombia,1982,4397.575659
Bulgaria,1957,3008.670727
Portugal,1967,6361.517993
Finlandia,1952,6424.519071
Filipinas,1992,2279.324017
Perú,1992,4446.380924
Hungría,1957,6040.180011
Honduras,1992,3081.694603
Paraguay,1977,3248.373311
Guatemala,1997,4684.313807
Arabia Saudita,1987,21198.26136
Libia,1987,11770.5898
Albania,1967,2760.196931
Panamá,1972,5364.249663
Turquía,1992,5678.348271
Líbano,1977,8659.696836
Tailandia,1987,2982.653773
Uruguay,1952,5716.766744
República Dominicana,1987,2899.842175
Indonesia,1997,3119.335603
Sri Lanka,1977,1348.775651
Italia,1952,4931.404155
Trinidad y Tobago,1972,6619.551419
Jordania,1987,4448.679912
Grecia,1952,3530.690067
Nicaragua,1992,2170.151724
Paraguay,1972,2523.337977
Argelia,1987,5681.358539
Singapur,1962,3674.735572
Polonia,1957,4734.253019
Irán,1992,7235.653188
Venezuela,1972,10505.25966
Argentina,1967,8052.953021
Jamaica,1962,5246.107524
Baréin,1977,19340.10196
Eslovenia,1952,4215.041741
Bolivia,2007,3822.137084
Santo Tomé y Príncipe,2007,1598.435089
China,1982,962.4213805
Japón,1957,4317.694365
Pakistán,2007,2605.94758
Costa Rica,1967,4161.727834
Líbano,1972,7486.384341
Trinidad y Tobago,1967,5621.368472
Marruecos,1992,2948.047252
Israel,1952,4086.522128
Malasia,1977,3827.921571
Cuba,1962,5180.75591
Brasil,1987,7807.095818
"Taiwán, China",1962,1822.879028
Comoras,2007,986.1478792
Argentina,1962,7133.166023
Iraq,1987,11643.57268
Sri Lanka,1972,1213.39553
Mongolia,2002,2140.739323
México,1977,7674.929108
Paraguay,1967,2299.376311
España,1952,3834.034742
Mauricio,1977,3710.982963
Trinidad y Tobago,1962,4997.523971
Albania,1962,2312.888958
Bosnia y Herzegovina,1967,2172.352423
Croacia,1957,4338.231617
"Corea, Rep.",1977,4657.22102
"Hong Kong, China",1957,3629.076457
India,2007,2452.210407
Kuwait,1967,80894.88326
Tailandia,1982,2393.219781
Siria,1982,3761.837715
Serbia,1962,6289.629157
Honduras,1987,3023.096699
Territorios Palestinos,1982,4336.032082
Argentina,1957,6856.856212
Portugal,1962,4727.954889
Paraguay,1962,2148.027146
Eslovaquia,1952,5074.659104
Ecuador,1982,7213.791267
Santo Tomé y Príncipe,2002,1353.09239
Puerto Rico,1952,3081.959785
Reunión,1972,5047.658563
Sri Lanka,1967,1135.514326
Mauritania,2007,1803.151496
Filipinas,1987,2189.634995
Perú,1987,6360.943444
Rumania,1957,3943.370225
Panamá,1967,4421.009084
Bangladesh,2007,1391.253792
Túnez,1982,3560.233174
Hungría,1952,5263.673816
"Corea, Rep. Dem.",1972,3701.621503
China,1977,741.2374699
Bolivia,2002,3413.26269
Líbano,1967,6006.983042
Colombia,1977,3815.80787
Nepal,2007,1091.359778
Jordania,1982,4161.415959
Montenegro,1962,4649.593785
República Dominicana,1982,2861.092386
Egipto,1992,3794.755195
Mongolia,1997,1902.2521
Botswana,1987,6205.88385
Pakistán,2002,2092.712441
Venezuela,1967,9541.474188
Chile,1972,5494.024437
Guatemala,1992,4439.45084
Brasil,1982,7030.835878
Santo Tomé y Príncipe,1997,1339.076036
Baréin,1972,18268.65839
Paraguay,1957,2046.154706
Singapur,1957,2843.104409
El Salvador,1987,4140.442097
China,1972,676.9000921
Turquía,1987,5089.043686
Senegal,2007,1712.472136
Irán,1987,6642.881371
Japón,1952,3216.956347
Arabia Saudita,1982,33693.17525
Malasia,1972,2849.09478
Comoras,2002,1075.811558
Mauricio,1972,2575.484158
India,2002,1746.769454
Costa Rica,1962,3460.937025
Vietnam,1987,820.7994449
Botswana,1992,7954.111645
Santo Tomé y Príncipe,1992,1428.777814
Omán,1982,12954.79101
Yemen,2007,2280.769906
Indonesia,1992,2383.140898
Marruecos,1987,2755.046991
Paraguay,1952,1952.308701
"Corea, Rep.",1972,3030.87665
Jamaica,1957,4756.525781
Tailandia,1977,1961.224635
Argentina,1952,5911.315053
"Taiwán, China",1957,1507.86129
México,1972,6809.40669
Zimbabue,1987,706.1573059
Cuba,1957,6092.174359
Mauritania,2002,1579.019543
Sri Lanka,1962,1074.47196
Libia,1982,17364.27538
Líbano,1962,5714.560611
Filipinas,1982,2603.273765
Myanmar,2007,944.0
Bolivia,1997,3326.143191
Iraq,1982,14517.90711
Bangladesh,2002,1136.39043
Nicaragua,1987,2955.984375
Namibia,1992,3804.537999
Bosnia y Herzegovina,1962,1709.683679
Sudáfrica,1992,7225.069258
Pakistán,1997,2049.350521
Panamá,1962,3536.540301
Trinidad y Tobago,1957,4100.3934
República Dominicana,1977,2681.9889
India,1997,1458.817442
Santo Tomé y Príncipe,1987,1516.525457
Serbia,1957,4981.090891
Colombia,1972,3264.660041
Senegal,2002,1519.635262
Mauricio,1967,2475.387562
Portugal,1957,3774.571743
Brasil,1977,6660.118654
Botswana,1982,4551.14215
Sri Lanka,1957,1072.546602
Montenegro,1957,3682.259903
Perú,1982,6434.501797
Argelia,1982,5745.160213
Gabón,1992,13522.15752
Nepal,2002,1057.206311
Polonia,1952,4029.329699
Ecuador,1977,6679.62326
Mongolia,1992,1785.402016
Croacia,1952,3119.23652
Siria,1977,3195.484582
Jordania,1977,2852.351568
Rumania,1952,3144.613186
Turquía,1982,4241.356344
"Hong Kong, China",1952,3054.421209
Haití,2007,1201.637154
Honduras,1982,3121.760794
Pakistán,1992,1971.829464
Namibia,1987,3693.731337
Sudáfrica,1987,7825.823398
Guatemala,1987,4246.485974
Venezuela,1962,8422.974165
Territorios Palestinos,1977,3682.831494
Comoras,1997,1173.618235
Reunión,1967,4021.175739
Chile,1967,5106.654313
Kuwait,1962,95458.11176
Gabón,1997,14722.84188
Mauritania,1997,1483.136136
Iraq,1977,14688.23507
Tailandia,1972,1524.358936
Singapur,1952,2315.138227
Zimbabue,1992,693.4207856
Zimbabue,1982,788.8550411
Santo Tomé y Príncipe,1982,1890.218117
Myanmar,1997,415.0
Yemen,2002,2234.820827
Mauricio,1962,2529.067487
Sudáfrica,1997,7479.188244
India,1992,1164.406809
Mongolia,1987,2338.008304
Gabón,1987,11864.40844
Senegal,1997,1392.368347
Indonesia,1987,1748.356961
México,1967,5754.733883
Filipinas,1977,2373.204287
Costa Rica,1957,2990.010802
Ghana,2007,1327.60891
Colombia,1967,2678.729839
Bolivia,1992,2961.699694
"Corea, Rep. Dem.",1967,2143.540609
Baréin,1967,14804.6727
Myanmar,2002,611.0
Túnez,1977,3120.876811
Portugal,1952,3068.319867
Egipto,1987,3885.46071
Camboya,2007,1713.778686
Lesoto,1992,977.4862725
Marruecos,1982,2702.620356
República Dominicana,1972,2189.874499
Irán,1982,7608.334602
Bulgaria,1952,2444.286648
Iraq,2007,4471.061906
Turquía,1977,4269.122326
Brasil,1972,4985.711467
Líbano,1957,6089.786934
Iraq,1992,3745.640687
Gambia,2007,752.7497265
Madagascar,2007,1044.770126
Nepal,1997,1010.892138
Cuba,1952,5586.53878
Bangladesh,1997,972.7700352
Malasia,1967,2277.742396
Kenia,1987,1361.936856
Myanmar,1992,347.0
Botswana,1977,3214.857818
Nicaragua,1982,3470.338156
Kenia,1992,1341.921721
Albania,1957,1942.284244
Panamá,1957,2961.800905
Montenegro,1952,2647.585601
Trinidad y Tobago,1952,3023.271928
Namibia,1982,4191.100511
Namibia,1997,3899.52426
Vietnam,1982,707.2357863
Iraq,1997,3076.239795
Ecuador,1972,5280.99471
Kenia,1982,1348.225791
Arabia Saudita,1977,34167.7626
Ghana,1997,1005.245812
Sudán,2007,2602.394995
India,1987,976.5126756
Santo Tomé y Príncipe,1977,1737.561657
Jamaica,1952,2898.530881
"Taiwán, China",1952,1206.947913
Swazilandia,1992,3553.0224
Ghana,2002,1111.984578
Bosnia y Herzegovina,1957,1353.989176
Perú,1977,6281.290855
Togo,2007,882.9699438
Togo,1997,982.2869243
China,1967,612.7056934
Myanmar,1987,385.0
Mauritania,1992,1361.369784
México,1962,4581.609385
Tailandia,1967,1295.46066
Pakistán,1987,1704.686583
El Salvador,1972,4520.246008
Senegal,1992,1367.899369
Sudáfrica,1982,8568.266228
Haití,2002,1270.364932
Guatemala,1982,4820.49479
Mauricio,1957,2034.037981
Filipinas,1972,1989.37407
Togo,1992,1034.298904
Myanmar,1982,424.0
Gambia,2002,660.5855997
Eritrea,2007,641.3695236
Kuwait,1957,113523.1329
Yemen,1997,2117.484526
Argelia,1977,4910.416756
Serbia,1952,3581.459448
Comoras,1992,1246.90737
Chile,1962,4519.094331
Venezuela,1957,9802.466526
Colombia,1962,2492.351109
"Corea, Rep.",1967,2029.228142
Irán,1977,11888.59508
Swazilandia,1987,3984.839812
Zimbabue,1977,685.5876821
Reunión,1962,3173.72334
Brasil,1967,3429.864357
Sri Lanka,1952,1083.53203
Togo,2002,886.2205765
Ghana,1992,925.060154
Mongolia,1982,2000.603139
Nicaragua,1977,5486.371089
Congo,1987,4201.194937
Libia,1977,21951.21176
Honduras,1977,3203.208066
Omán,1977,11848.34392
Siria,1972,2571.423014
Madagascar,2002,894.6370822
Bolivia,1987,2753.69149
Costa Rica,1952,2627.009471
Lesoto,1987,773.9932141
Iraq,2002,4390.717312
Turquía,1972,3450.69638
Iraq,1972,9576.037596
Togo,1987,1202.201361
Baréin,1962,12753.27514
Niger,2007,619.6768924
Gabón,2002,12521.71392
Camboya,2002,896.2260153
República Dominicana,1967,1653.723003
Gabón,2007,13206.48452
Benin,2007,1441.284873
El Salvador,1977,5138.922374
Congo,1982,4879.507522
Ecuador,1967,4579.074215
Haití,1997,1341.726931
"Corea, Rep. Dem.",1962,1621.693598
El Salvador,1982,4098.344175
India,1982,855.7235377
Gabón,1982,15113.36194
Camboya,1997,734.28517
Territorios Palestinos,1972,3133.409277
Jordania,1972,2110.856309
Santo Tomé y Príncipe,1972,1532.985254
Namibia,1977,3876.485958
Congo,1992,4016.239529
Filipinas,1967,1814.12743
Sudán,2002,1993.398314
Indonesia,1982,1516.872988
Pakistán,1982,1443.429832
Kenia,1977,1267.613204
Mauritania,1987,1421.603576
Chile,1957,4315.622723
Tailandia,1962,1002.199172
Myanmar,1977,371.0
Guatemala,1977,4879.992748
Botswana,1972,2263.611114
Bangladesh,1992,837.8101643
Guinea,2007,942.6542111
Egipto,1982,3503.729636
Líbano,1952,4834.804067
Gambia,1997,653.7301704
El Salvador,1967,4358.595393
Camboya,1992,682.3031755
Senegal,1987,1441.72072
Vietnam,1977,713.5371196
Malasia,1962,2036.884944
Marruecos,1977,2370.619976
Ghana,1987,847.0061135
Nepal,1992,897.7403604
Brasil,1962,3336.585802
Zimbabue,1972,799.3621758
Congo,1977,3259.178978
Túnez,1972,2753.285994
Yemen,1992,1879.496673
Kuwait,1952,108382.3529
Swazilandia,1982,3895.384018
Lesoto,1997,1186.147994
Sudáfrica,1977,8028.651439
Mongolia,1977,1647.511665
Togo,1982,1344.577953
Perú,1972,5937.827283
Sudán,1997,1632.210764
Congo,2007,3632.557798
"Corea, Rep.",1962,1536.344387
Eritrea,2002,765.3500015
Irán,1972,9613.818607
Albania,1952,1601.056136
Panamá,1952,2480.380334
México,1957,4131.546641
Nicaragua,1972,4688.593267
Colombia,1957,2323.805581
Reunión,1957,2769.451844
Haití,1992,1456.309517
Venezuela,1952,7689.799761
Lesoto,1982,797.2631074
Camerún,1987,2602.664206
Madagascar,1997,986.2958956
Comoras,1987,1315.980812
Congo,1972,3213.152683
Yibuti,2007,2082.481567
Benin,1997,1232.975292
Filipinas,1962,1649.552153
Chile,1952,3939.978789
Costa de Marfil,1987,2156.956069
Ecuador,1962,4086.114078
Argelia,1972,4182.663766
Niger,2002,601.0745012
Malí,2007,1042.581557
Iraq,1967,8931.459811
Santo Tomé y Príncipe,1967,1384.840593
Kenia,1997,1360.485021
Benin,2002,1372.877931
Turquía,1967,2826.356387
Camerún,1992,1793.163278
Swazilandia,1997,3876.76846
India,1977,813.337323
Kenia,2007,1463.249282
"Corea, Rep. Dem.",1957,1571.134655
Pakistán,1977,1175.921193
Zimbabue,1967,569.7950712
Costa de Marfil,1982,2602.710169
Benin,1992,1191.207681
Camboya,1987,683.8955732
Arabia Saudita,1972,24837.42865
Honduras,1972,2529.842345
Namibia,1972,3746.080948
Bolivia,1982,3156.510452
Baréin,1957,11635.79945
Bosnia y Herzegovina,1952,973.5331948
Mongolia,1972,1421.741975
Ghana,1982,876.032569
Guatemala,1972,4031.408271
Sudáfrica,1972,7765.962636
Guinea,2002,945.5835837
Siria,1967,1881.923632
Haití,1987,1823.015995
Tailandia,1957,793.5774148
Mauritania,1982,1481.150189
Kenia,1972,1222.359968
Sudán,1992,1492.197043
República Dominicana,1962,1662.137359
Eritrea,1997,913.47079
Yibuti,2002,1908.260867
Sudáfrica,2002,7710.946444
Egipto,1977,2785.493582
Botswana,1967,1214.709294
Brasil,1957,2487.365989
Yibuti,1997,1895.016984
Myanmar,1972,357.0
Congo,2002,3484.06197
Congo,1997,3484.164376
Camerún,1982,2367.983282
Etiopía,2007,690.8055759
Comoras,1982,1267.100083
Yemen,1987,1971.741538
Namibia,2007,4811.060429
Togo,1977,1532.776998
Marruecos,1972,1930.194975
Bangladesh,1987,751.9794035
Gabón,1977,21745.57328
Libia,1972,21011.49721
Reunión,1952,2718.885295
Indonesia,1977,1382.702056
"Corea, Rep.",1957,1487.593537
Gambia,1992,665.6244126
Botswana,1997,8647.142313
Nepal,1987,775.6324501
Swazilandia,1977,3781.410618
Tanzania,2007,1107.482182
Irán,1967,5906.731805
Senegal,1982,1518.479984
Costa de Marfil,1977,2517.736547
Zimbabue,1962,527.2721818
Benin,1987,1225.85601
El Salvador,1962,3776.803627
Burkina Faso,2007,1217.032994
Madagascar,1992,1040.67619
Lesoto,1977,745.3695408
Camerún,1997,1694.337469
Omán,1972,10618.03855
Malasia,1957,1810.066992
Turquía,1962,2322.869908
Túnez,1967,1932.360167
Costa de Marfil,1992,1648.073791
Congo,1967,2677.939642
Pakistán,1972,1049.938981
Sudáfrica,1967,7114.477971
Santo Tomé y Príncipe,1962,1071.551119
Nicaragua,1967,4643.393534
Zambia,1982,1408.678565
Malí,2002,951.4097518
Ghana,1977,993.2239571
Sudán,1987,1507.819159
Chad,1992,1058.0643
Territorios Palestinos,1967,2649.715007
Jordania,1967,2741.796252
Yibuti,1992,2377.156192
Guinea Ecuatorial,2007,12154.08975
Chad,1997,1004.961353
Uganda,2007,1056.380121
Tanzania,1987,831.8220794
Botswana,1962,983.6539764
Uganda,1987,617.7244065
Namibia,2002,4072.324751
Haití,1982,2011.159549
Iraq,1962,8341.737815
Guinea,1997,869.4497668
Perú,1967,5788.09333
Argelia,1967,3246.991771
Zambia,1977,1588.688299
Ecuador,1957,3780.546651
Filipinas,1957,1547.944844
Niger,1997,580.3052092
Mongolia,1967,1226.04113
Namibia,1967,3793.694753
Egipto,1972,2024.008147
Chad,1987,952.386129
Uganda,1972,950.735869
Kenia,2002,1287.514732
Mauricio,1952,1967.955707
Camboya,1982,624.4754784
Baréin,1952,9867.084765
Comoras,1977,1172.603047
Honduras,1967,2538.269358
Brasil,1952,2108.944355
Benin,1982,1277.897616
Mauritania,1977,1497.492223
Tailandia,1952,757.7974177
Zambia,1987,1213.315116
México,1952,3478.125529
Botswana,2007,12569.85177
Etiopía,2002,530.0535319
Kenia,1967,1056.736457
India,1972,724.032527
Chad,2007,1704.063724
Burkina Faso,2002,1037.645221
Colombia,1952,2144.115096
Tanzania,1982,874.2426069
China,1957,575.9870009
Chad,2002,1156.18186
República Centroafricana,1987,844.8763504
Zimbabue,1957,518.7642681
Tanzania,1992,825.682454
Camerún,2007,2042.09524
Uganda,1977,843.7331372
Sudán,1982,1895.544073
Marruecos,1967,1711.04477
Burkina Faso,1997,946.2949618
Siria,1962,2193.037133
Burkina Faso,1992,931.7527731
Vietnam,1972,699.5016441
Libia,1967,18772.75169
Zambia,1972,1773.498265
"Corea, Rep. Dem.",1952,1088.277758
Yibuti,1987,2880.102568
Bolivia,1977,3548.097832
Guatemala,1967,3242.531147
Bangladesh,1982,676.9818656
Eritrea,1992,582.8585102
Sudáfrica,1962,5768.729717
Haití,1977,1874.298931
Tanzania,1977,962.4922932
Malí,1997,790.2579846
Arabia Saudita,1967,16903.04886
Ghana,1972,1178.223708
Camerún,2002,1934.011449
Uganda,1982,682.2662268
República Dominicana,1957,1544.402995
Costa de Marfil,1972,2378.201111
Pakistán,1967,942.4082588
Lesoto,1972,496.5815922
Togo,1972,1649.660188
Tanzania,2002,899.0742111
Botswana,1957,918.2325349
Nepal,1982,718.3730947
Burundi,2007,430.0706916
Túnez,1962,1660.30321
Burkina Faso,1987,912.0631417
Swazilandia,1972,3364.836625
Chad,1982,797.9081006
Malaui,1992,563.2000145
Etiopía,1997,515.8894013
República Centroafricana,1992,747.9055252
Myanmar,1967,349.0
Camerún,1977,1783.432873
Madagascar,1987,1155.441948
Guinea Ecuatorial,2002,7703.4959
Sudáfrica,2007,9269.657808
Irán,1962,4187.329802
Egipto,1967,1814.880728
Gambia,1987,611.6588611
Indonesia,1972,1111.107907
Benin,1977,1029.161251
Yemen,1982,1977.55701
Perú,1962,4957.037982
Madagascar,1982,1302.878658
Santo Tomé y Príncipe,1957,860.7369026
Comoras,1972,1937.577675
Senegal,1977,1561.769116
Uganda,1992,644.1707969
Yibuti,1982,2879.468067
Gabón,1972,11401.94841
Nicaragua,1962,3634.364406
Guinea,1992,794.3484384
El Salvador,1957,3421.523218
Lesoto,1967,498.6390265
Tanzania,1997,789.1862231
Malasia,1952,1831.132894
Zimbabue,1952,406.8841148
Mauritania,1972,1586.851781
Iraq,1957,6229.333562
Congo,1962,2464.783157
Malí,1992,739.014375
Namibia,1962,3173.215595
Ecuador,1952,3522.110717
Costa de Marfil,2007,1544.750112
Malaui,2007,759.3499101
Argelia,1962,2550.81688
República Centroafricana,1982,956.7529907
Siria,1957,2117.234893
Mongolia,1962,1056.353958
Guinea Ecuatorial,1997,2814.480755
Burundi,1987,621.8188189
Somalia,2007,926.1410683
Territorios Palestinos,1962,2198.956312
Jordania,1962,2348.009158
Burkina Faso,1982,807.1985855
Etiopía,1992,421.3534653
Turquía,1957,2218.754257
Ghana,1967,1125.69716
Uganda,1967,908.9185217
Haití,1972,1654.456946
Honduras,1962,2291.156835
Costa de Marfil,1997,1786.265407
Sudáfrica,1957,5487.104219
Kenia,1962,896.9663732
Marruecos,1962,1566.353493
Vietnam,1967,637.1232887
Uganda,2002,927.7210018
Libia,1962,6757.030816
República Democrática del Congo,1977,795.757282
Sudán,1977,2202.988423
República Democrática del Congo,1982,673.7478181
Zambia,1967,1777.077318
Filipinas,1952,1272.880995
Lesoto,1962,411.8006266
Pakistán,1962,803.3427418
Botswana,1952,851.2411407
Tanzania,1972,915.9850592
Guinea Ecuatorial,1992,1132.055034
Malaui,1997,692.2758103
Nigeria,1992,1619.848217
Burundi,1982,559.603231
Nigeria,1997,1624.941275
Malaui,1987,635.5173634
"Corea, Rep.",1952,1030.592226
República Democrática del Congo,1987,672.774812
Niger,1992,581.182725
Chad,1977,1133.98495
Burundi,2002,446.4035126
Costa de Marfil,1967,2052.050473
India,1967,700.7706107
Irán,1957,3290.257643
Túnez,1957,1395.232468
Camerún,1972,1684.146528
Benin,1972,1085.796879
Egipto,1962,1693.335853
Omán,1967,4720.942687
Guatemala,1962,2750.364446
Bangladesh,1977,659.8772322
Nigeria,1987,1385.029563
Madagascar,1977,1544.228586
Nigeria,2007,2013.977305
Costa de Marfil,2002,1648.800823
Zimbabue,1997,792.4499603
República Centroafricana,1977,1109.374338
Togo,1967,1477.59676
Nepal,1977,694.1124398
Bolivia,1972,2980.331339
Etiopía,1987,573.7413142
Botswana,2002,11003.60508
Swazilandia,1967,2613.101665
Nigeria,2002,1615.286395
Yibuti,1977,3081.761022
Comoras,1967,1876.029643
Santo Tomé y Príncipe,1952,879.5835855
República Democrática del Congo,2007,277.5518587
Eritrea,1987,521.1341333
Ghana,1962,1190.041118
Guinea Bissau,2007,579.231743
Malí,1987,684.1715576
Mozambique,1997,472.3460771
Mauritania,1967,1421.145193
Perú,1957,4245.256698
Haití,1967,1452.057666
Ruanda,2007,863.0884639
Ruanda,1982,881.5706467
Burkina Faso,1977,743.3870368
Zambia,1992,1210.884633
República Centroafricana,1997,740.5063317
Liberia,1987,506.1138573
Zambia,1962,1452.725766
República Democrática del Congo,1972,904.8960685
Indonesia,1967,762.4317721
Somalia,2002,882.0818218
República Dominicana,1952,1397.717137
Arabia Saudita,1962,11626.41975
Burundi,1977,556.1032651
Siria,1952,1643.485354
Nigeria,1982,1576.97375
Senegal,1972,1597.712056
Tanzania,1967,848.2186575
Argelia,1957,3013.976023
Liberia,2007,414.5073415
Territorios Palestinos,1957,1827.067742
Jordania,1957,1886.080591
Guinea Ecuatorial,1987,966.8968149
Malaui,1982,632.8039209
Gambia,1982,835.8096108
Chad,1972,1104.103987
Pakistán,1957,747.0835292
Guinea,1987,805.5724718
República Democrática del Congo,1992,457.7191807
Guinea Bissau,2002,575.7047176
Nicaragua,1957,3457.415947
Marruecos,1957,1642.002314
Camboya,1967,523.4323142
Vietnam,1962,772.0491602
Uganda,1962,767.2717398
Burundi,1997,463.1151478
Iraq,1952,4129.766056
Libia,1957,3448.284395
El Salvador,1952,3048.3029
Bangladesh,1972,630.2336265
Mongolia,1957,912.6626085
Namibia,1957,2621.448058
Myanmar,1962,388.0
Sudán,1972,1659.652775
Congo,1957,2315.056572
Lesoto,1957,335.9971151
Bolivia,1967,2586.886053
Malaui,2002,665.4231186
Sudáfrica,1952,4725.295531
Ruanda,1977,670.0806011
Swazilandia,1962,1856.182125
República Democrática del Congo,2002,241.1658765
Costa de Marfil,1962,1728.869428
Etiopía,1982,577.8607471
Benin,1967,1035.831411
Guinea Bissau,1997,796.6644681
Irán,1952,3035.326002
Liberia,1982,572.1995694
Madagascar,1972,1748.562982
Camerún,1967,1508.453148
Ghana,1957,1043.561537
República Centroafricana,2007,706.016537
Burundi,1992,631.6998778
Kenia,1957,944.4383152
Honduras,1957,2220.487682
Túnez,1952,1468.475631
Ruanda,1972,590.5806638
Gabón,1967,8358.761987
Lesoto,2002,1275.184575
Uganda,1997,816.559081
Niger,1987,668.3000228
Eritrea,1977,505.7538077
Nigeria,1977,1981.951806
Etiopía,1977,556.8083834
China,1962,487.6740183
Somalia,1987,1093.244963
Comoras,1962,1406.648278
Egipto,1957,1458.915272
Yibuti,1972,3694.212352
Mozambique,1992,410.8968239
Mauritania,1962,1055.896036
Tanzania,1962,722.0038073
Yemen,1977,1829.765177
Eritrea,1972,514.3242082
Guatemala,1957,2617.155967
Ruanda,1967,510.9637142
Zambia,1957,1311.956766
Burundi,1972,464.0995039
República Democrática del Congo,1967,861.5932424
Mozambique,2002,633.6179466
Ruanda,1987,847.991217
China,1952,400.448611
Nepal,1972,674.7881296
Togo,1962,1067.53481
Malí,1982,618.0140641
Perú,1952,3758.523437
Eritrea,1982,524.8758493
Swazilandia,2002,4128.116943
Afganistán,2007,974.5803384
Somalia,1997,930.5964284
Malaui,1977,663.2236766
Liberia,1977,640.3224383
Liberia,2002,531.4823679
Guinea Ecuatorial,1982,927.8253427
India,1962,658.3471509
Chad,1967,1196.810565
Burkina Faso,1972,854.7359763
Haití,1962,1796.589032
Turquía,1952,1969.10098
Senegal,1967,1612.404632
Burundi,1967,412.9775136
Etiopía,1972,566.2439442
Zimbabue,2007,469.7092981
República Centroafricana,1972,1070.013275
Bangladesh,1967,721.1860862
Pakistán,1952,684.5971438
Bolivia,1962,2180.972546
Swazilandia,1957,1244.708364
Camboya,1962,496.9136476
Ruanda,2002,785.6537648
República Centroafricana,2002,738.6906068
Guinea Bissau,1992,745.5398706
Omán,1962,2924.638113
Territorios Palestinos,1952,1515.592329
Jordania,1952,1546.907807
Ghana,1952,911.2989371
Argelia,1952,2449.008185
Ruanda,1962,597.4730727
Tanzania,1957,698.5356073
Somalia,1982,1176.807031
Guinea,1982,857.2503577
Vietnam,1957,676.2854478
Madagascar,1967,1634.047282
Marruecos,1952,1688.20357
Arabia Saudita,1957,8157.591248
Mozambique,1987,389.8761846
Sudán,1967,1687.997641
Nigeria,1972,1698.388838
Mozambique,1982,462.2114149
Angola,2007,4797.231267
Libia,1952,2387.54806
Camerún,1962,1399.607441
Benin,1962,949.4990641
Liberia,1972,803.0054535
Niger,1982,909.7221354
Lesoto,2007,1569.331442
República Democrática del Congo,1997,312.188423
Uganda,1957,774.3710692
Sierra Leona,2007,862.5407561
Indonesia,1962,849.2897701
Mozambique,1977,502.3197334
Costa de Marfil,1957,1500.895925
Comoras,1957,1211.148548
Zambia,2007,1271.211593
Mauritania,1957,846.1202613
Nicaragua,1952,3112.363948
Kenia,1952,853.540919
Mongolia,1952,786.5668575
Liberia,1997,609.1739508
Eritrea,1967,468.7949699
Lesoto,1952,298.8462121
Afganistán,2002,726.7340548
República Democrática del Congo,1962,896.3146335
Etiopía,1967,516.1186438
Congo,1952,2125.621418
Mozambique,2007,823.6856205
Yibuti,1967,3020.050513
Burundi,1962,355.2032273
Zambia,1952,1147.388831
Guinea Ecuatorial,1977,958.5668124
Guatemala,1952,2428.237769
Somalia,1977,1450.992513
Honduras,1952,2194.926204
Myanmar,1957,350.0
Egipto,1952,1418.822445
Bolivia,1957,2127.686326
Gambia,1977,884.7552507
Malaui,1972,584.6219709
Afganistán,1997,635.341351
Namibia,1952,2423.780443
Chad,1962,1389.817618
Malí,1977,686.3952693
Afganistán,1992,649.3413952
Liberia,1967,713.6036483
Ruanda,1957,540.2893983
República Centroafricana,1967,1136.056615
Nepal,1967,676.4422254
Senegal,1962,1654.988723
Swazilandia,1952,1148.376626
Camboya,1957,434.0383364
Niger,1977,808.8970728
Guinea Bissau,1987,736.4153921
Bangladesh,1962,686.3415538
Tanzania,1952,716.6500721
Togo,1957,925.9083202
Nigeria,1967,1014.514104
Sierra Leona,2002,699.489713
Angola,2002,2773.287312
Somalia,1972,1254.576127
Angola,1997,2277.140884
Sudán,1962,1959.593767
Madagascar,1962,1643.38711
Afganistán,1987,852.3959448
Liberia,1992,636.6229191
Guinea,1977,874.6858643
Comoras,1952,1102.990936
Burkina Faso,1967,794.8265597
Haití,1957,1726.887882
República Democrática del Congo,1957,905.8602303
Angola,1992,2627.845685
Niger,1972,954.2092363
Mauritania,1952,743.1159097
Burundi,1957,379.5646281
Guinea Ecuatorial,1972,672.4122571
Liberia,1962,634.1951625
Gabón,1962,6631.459222
Costa de Marfil,1952,1388.594732
Camerún,1957,1313.048099
Bolivia,1952,2677.326347
Vietnam,1952,605.0664917
Benin,1957,959.6010805
Mozambique,1972,724.9178037
Camboya,1972,421.6240257
India,1957,590.061996
Zambia,1997,1071.353818
Eritrea,1962,380.9958433
Niger,1967,1054.384891
Omán,1957,2242.746551
Etiopía,1962,419.4564161
Sierra Leona,1987,1294.447788
Ruanda,1952,493.3238752
Zimbabue,2002,672.0386227
Uganda,1952,734.753484
Malí,1972,581.3688761
Angola,1982,2756.953672
Indonesia,1957,858.9002707
Angola,1987,2430.208311
Sierra Leona,1997,574.6481576
Chad,1957,1308.495577
Arabia Saudita,1952,6459.554823
Afganistán,1982,978.0114388
Yemen,1972,1265.047031
Yibuti,1962,3020.989263
Somalia,1992,926.9602964
Sudán,1957,1770.337074
Swazilandia,2007,4513.480643
Niger,1962,997.7661127
Malaui,1967,495.5147806
Liberia,1957,620.9699901
Angola,1977,3008.647355
República Centroafricana,1962,1193.068753
Camboya,1952,368.4692856
Nepal,1962,652.3968593
Nigeria,1962,1150.927478
Bangladesh,1957,661.6374577
Senegal,1957,1567.653006
Guinea Bissau,1982,838.1239671
Zambia,2002,1071.613938
República Democrática del Congo,1952,780.5423257
Burundi,1952,339.2964587
Gabón,1957,4976.198099
Guinea Ecuatorial,1967,915.5960025
Somalia,1967,1284.73318
Madagascar,1957,1589.20275
Guinea,1972,741.6662307
Sudán,1952,1615.991129
Niger,1957,835.5234025
Togo,1952,859.8086567
Camerún,1952,1172.667655
Malí,1967,545.0098873
Liberia,1952,575.5729961
Sierra Leona,1982,1465.010784
Afganistán,1977,786.11336
Malaui,1962,427.9010856
Sierra Leona,1992,1068.696278
Gambia,1972,756.0868363
Benin,1952,1062.7522
Mozambique,1967,566.6691539
Chad,1952,1178.665927
Eritrea,1957,344.1618859
Angola,1972,5473.288005
Burkina Faso,1962,722.5120206
Nigeria,1957,1100.592563
Nepal,1957,597.9363558
Haití,1952,1840.366939
Omán,1952,1828.230307
Guinea Ecuatorial,1962,582.8419714
Bangladesh,1952,684.2441716
Indonesia,1952,749.6816546
Guinea Bissau,1977,764.7259628
República Centroafricana,1957,1190.844328
Niger,1952,761.879376
India,1952,546.5657493
Yibuti,1957,2864.969076
Senegal,1952,1450.356983
Malaui,1957,416.3698064
Guinea,1967,708.7595409
Gabón,1952,4293.476475
Yemen,1967,862.4421463
Somalia,1962,1369.488336
Malí,1962,496.1743428
Sierra Leona,1977,1348.285159
Madagascar,1952,1443.011715
Etiopía,1957,378.9041632
Guinea Bissau,1972,820.2245876
Nigeria,1952,1077.281856
Myanmar,1952,331.0
Malaui,1952,369.1650802
Mozambique,1962,556.6863539
Nepal,1952,545.8657229
Afganistán,1972,739.9811058
Ruanda,1997,589.9445051
Angola,1967,5522.776375
Guinea Ecuatorial,1957,426.0964081
Eritrea,1952,328.9405571
Gambia,1967,734.7829124
Guinea,1962,686.3736739
Guinea Bissau,1967,715.5806402
República Centroafricana,1952,1071.310713
Sierra Leona,1972,1353.759762
Malí,1957,490.3821867
Yemen,1962,825.6232006
Somalia,1957,1258.147413
Burkina Faso,1957,617.1834648
Yibuti,1952,2669.529475
Guinea,1957,576.2670245
Guinea Bissau,1962,522.0343725
Guinea Ecuatorial,1952,375.6431231
Sierra Leona,1967,1206.043465
Etiopía,1952,362.1462796
Afganistán,1967,836.1971382
Angola,1962,4269.276742
Yemen,1957,804.8304547
Gambia,1962,599.650276
Mozambique,1957,495.5868333
Malí,1952,452.3369807
Guinea,1952,510.1964923
Guinea Bissau,1957,431.7904566
Somalia,1952,1135.749842
Sierra Leona,1962,1116.639877
Yemen,1952,781.7175761
Guinea Bissau,1952,299.850319
Gambia,1957,520.9267111
Angola,1957,3827.940465
Afganistán,1962,853.10071
Burkina Faso,1952,543.2552413
Sierra Leona,1957,1004.484437
Mozambique,1952,468.5260381
Camboya,1977,524.9721832
Afganistán,1957,820.8530296
Sierra Leona,1952,879.7877358
Angola,1952,3520.610273
Gambia,1952,485.2306591
Afganistán,1952,779.4453145
Ruanda,1992,737.0685949
